Date,Open,High,Low,Close,Volume
2001-12-31,130.00,134.00,127.50,129.77,1192
2002-01-07,128.50,135.50,128.50,133.73,228
2002-01-14,128.50,131.50,128.50,131.50,224
2002-01-21,132.38,137.50,130.00,130.88,818
2002-01-28,130.00,141.18,130.00,141.18,1500
2002-02-04,151.00,160.02,142.50,142.50,3158
2002-02-11,148.00,152.00,145.00,151.43,1042
2002-02-18,147.00,150.00,144.50,144.55,300
2002-02-25,150.00,155.00,144.00,146.02,2288
2002-03-04,151.50,151.50,140.00,144.10,1024
2002-03-11,142.50,147.00,140.02,142.00,1260
2002-03-18,146.50,146.50,145.50,145.80,10
2002-03-25,142.50,145.00,142.50,144.82,240
2002-04-01,144.50,145.00,144.50,145.00,488
2002-04-08,142.50,142.50,139.25,142.50,604
2002-04-15,145.00,148.50,140.50,147.48,2220
2002-04-22,152.95,155.00,152.50,154.98,630
2002-04-29,151.50,158.00,150.00,155.10,1038
2002-05-06,153.00,157.50,151.00,155.00,664
2002-05-13,150.00,162.02,150.00,155.00,970
2002-05-20,155.00,160.00,152.50,160.00,272
2002-05-27,152.00,167.25,150.00,167.25,630
2002-06-03,165.00,165.50,158.50,158.50,256
2002-06-10,162.50,167.50,154.52,167.50,256
2002-06-17,162.50,167.50,155.50,166.15,1428
2002-06-24,162.52,170.00,162.50,163.50,788
2002-07-01,169.85,177.50,164.50,164.55,302
2002-07-08,172.00,179.50,162.50,162.50,294
2002-07-15,156.00,169.50,156.00,165.75,670
2002-07-22,172.50,172.50,157.50,157.50,1986
2002-07-29,158.25,172.38,158.00,165.50,1658
2002-08-05,172.50,182.48,172.50,178.25,912
2002-08-12,179.75,180.00,172.50,175.12,866
2002-08-19,172.52,179.50,172.52,177.50,522
2002-08-26,179.52,179.52,175.00,175.00,310
2002-09-02,175.10,177.40,172.50,174.75,398
2002-09-09,175.00,178.00,172.50,172.50,548
2002-09-16,174.55,177.00,172.50,175.20,792
2002-09-23,182.50,182.50,175.00,175.00,1756
2002-09-30,174.50,177.50,174.50,176.27,150
2002-10-07,175.00,175.00,173.50,173.50,450
2002-10-14,173.50,173.50,173.50,173.50,100
2002-10-21,174.50,195.00,174.50,184.50,2230
2002-10-28,177.50,189.50,177.50,180.00,694
2002-11-04,187.48,187.48,180.50,182.50,342
2002-11-11,184.00,184.00,184.00,184.00,40
2002-11-18,182.00,182.50,167.00,174.95,1536
2002-11-25,182.00,182.00,168.00,170.85,1188
2002-12-30,174.50,174.50,174.50,174.50,70
2003-01-06,174.50,176.75,168.10,172.77,1846
2003-01-13,172.50,175.00,171.00,174.05,480
2003-01-20,170.50,170.50,167.50,170.05,798
2003-01-27,172.00,177.10,170.00,172.50,320
2003-02-03,170.05,170.10,161.10,165.00,470
2003-02-10,165.00,171.00,165.00,171.00,230
2003-02-17,163.50,165.00,157.00,157.00,696
2003-02-24,157.50,169.25,157.50,169.25,1040
2003-03-03,166.00,166.00,157.38,157.62,864
2003-03-10,156.00,166.45,152.50,157.38,1510
2003-03-17,164.57,167.50,160.00,160.00,1470
2003-03-24,164.35,175.98,160.02,167.93,2508
2003-03-31,161.38,172.50,161.38,170.00,310
2003-04-07,167.50,176.00,151.27,176.00,4844
2003-04-14,174.73,174.73,165.00,165.00,362
2003-04-21,168.48,199.50,168.00,184.65,3070
2003-04-28,176.00,188.50,175.00,180.00,3786
2003-05-05,181.00,181.00,166.60,172.27,2428
2003-05-12,183.48,186.00,173.88,185.00,3940
2003-05-19,182.50,194.50,172.00,185.00,308
2003-05-26,187.50,187.50,175.00,175.00,136
2003-06-02,177.50,187.23,163.00,171.18,1640
2003-06-09,182.50,202.00,175.00,175.60,932
2003-06-16,168.27,180.95,161.00,180.95,358
2003-06-23,172.50,186.27,165.00,166.90,750
2003-06-30,175.00,181.73,161.52,174.50,1106
2003-07-07,165.90,175.50,159.50,174.50,1322
2003-07-14,187.00,187.00,164.57,166.23,930
2003-07-21,169.00,174.50,166.50,174.00,322
2003-07-28,175.00,177.50,150.12,170.00,640
2003-08-04,172.50,175.00,165.15,170.00,1016
2003-08-11,170.00,179.90,170.00,173.00,1522
2003-08-18,178.00,183.35,170.00,174.88,1720
2003-08-25,175.00,179.50,173.50,175.00,1272
2003-09-01,183.35,183.35,170.15,171.02,684
2003-09-08,172.50,180.00,167.75,177.70,5738
2003-09-15,181.95,182.00,170.50,176.55,2608
2003-09-22,177.50,179.50,170.62,176.48,1716
2003-09-29,171.07,175.00,170.12,171.50,1388
2003-10-06,175.00,178.50,171.25,176.40,5970
2003-10-13,177.50,178.00,175.38,176.00,6938
2003-10-20,177.50,177.50,170.20,171.50,1556
2003-10-27,174.50,176.50,164.55,175.00,400
2003-11-03,177.50,180.00,173.02,177.23,7824
2003-11-10,163.20,182.50,163.20,176.02,4328
2003-11-17,179.93,181.98,175.00,175.82,3194
2003-11-24,175.00,184.10,172.55,181.95,4824
2003-12-01,182.50,207.48,175.68,201.38,10146
2003-12-08,202.50,215.00,202.10,205.00,3320
2003-12-15,205.50,219.50,203.50,211.25,4394
2003-12-22,215.25,268.77,215.25,268.77,8330
2003-12-29,282.23,296.33,252.50,257.50,28886
2004-01-05,248.50,248.93,227.50,237.93,5276
2004-01-12,242.50,250.00,231.57,232.93,8038
2004-01-19,223.00,231.77,200.00,201.10,7274
2004-01-27,200.00,209.48,190.52,197.48,7356
2004-02-03,207.07,207.07,185.02,192.90,3674
2004-02-09,200.00,200.00,183.18,190.02,7894
2004-02-16,197.50,217.50,185.00,190.12,912
2004-02-23,183.00,201.75,182.77,190.27,6032
2004-03-01,207.20,207.20,185.50,192.05,3108
2004-03-08,194.43,207.25,181.50,191.32,2240
2004-03-15,207.50,207.50,175.27,185.68,1760
2004-03-22,182.57,190.43,162.50,180.00,3584
2004-03-29,180.00,198.45,180.00,195.15,782
2004-04-05,199.85,199.85,186.50,192.80,974
2004-04-12,174.12,200.00,174.12,197.50,1674
2004-04-19,196.00,210.00,181.25,191.88,1908
2004-04-26,189.50,200.00,189.50,200.00,210
2004-05-03,216.98,216.98,185.77,188.02,364
2004-05-10,199.50,204.95,178.07,178.20,1402
2004-05-17,178.20,197.30,170.50,190.00,774
2004-05-24,197.50,198.50,190.25,190.25,1874
2004-05-31,186.95,199.50,186.95,193.00,1316
2004-06-07,192.00,199.50,186.30,188.50,620
2004-06-14,183.07,191.50,183.07,187.00,930
2004-06-21,191.00,199.95,185.00,185.50,1972
2004-06-28,183.50,184.98,155.00,184.05,2148
2004-07-05,177.50,189.70,170.50,182.00,2098
2004-07-12,170.93,179.25,167.10,174.38,3118
2004-07-19,172.55,184.50,171.50,176.00,1574
2004-07-26,177.50,180.25,175.00,175.00,900
2004-08-02,173.00,180.00,173.00,176.50,808
2004-08-09,175.62,183.50,175.50,181.90,764
2004-08-16,184.50,187.50,177.25,179.02,1428
2004-08-23,184.00,184.00,179.50,183.50,598
2004-08-30,187.50,207.48,183.07,191.65,982
2004-09-06,193.00,212.00,193.00,200.15,3278
2004-09-13,200.00,209.98,198.05,200.68,5882
2004-09-20,212.32,212.32,195.00,203.93,2130
2004-09-27,207.25,210.50,189.00,204.52,2588
2004-10-04,202.50,227.20,190.60,201.32,3068
2004-10-11,198.02,202.50,198.02,199.73,408
2004-10-18,192.52,203.98,192.50,199.93,3286
2004-10-25,197.50,200.00,190.00,196.25,1812
2004-11-01,194.00,200.00,180.60,194.15,782
2004-11-08,193.50,205.07,193.50,195.57,2268
2004-11-16,198.88,199.98,192.50,194.52,992
2004-11-22,199.50,219.88,194.00,211.85,3034
2004-11-29,212.50,223.23,200.00,204.50,5034
2004-12-06,203.00,209.45,197.00,197.00,1394
2004-12-13,207.48,213.50,197.00,198.75,5146
2004-12-20,204.88,208.00,196.50,201.38,3318
2004-12-27,196.00,206.00,188.00,199.40,4076
2005-01-03,198.00,212.50,187.50,196.57,2768
2005-01-10,202.50,202.50,192.85,193.00,1018
2005-01-17,192.50,205.00,185.00,190.65,670
2005-01-24,190.27,199.50,178.02,190.12,2164
2005-01-31,187.75,198.95,172.00,187.70,7614
2005-02-07,191.00,191.00,175.00,187.50,2768
2005-02-14,197.50,197.50,180.57,184.75,4768
2005-02-21,191.50,191.50,181.50,184.50,1750
2005-02-28,185.68,192.50,181.00,187.32,2592
2005-03-07,199.00,199.00,184.00,184.65,12246
2005-03-14,186.50,189.98,183.02,188.00,1462
2005-03-21,190.95,190.95,180.00,180.90,1304
2005-03-28,180.00,188.00,177.50,179.57,6330
2005-04-04,187.45,188.75,181.57,185.00,336
2005-04-11,197.50,197.50,180.52,180.52,1062
2005-04-18,184.50,189.18,182.50,186.90,1266
2005-04-25,187.40,197.50,185.00,192.00,13270
2005-05-02,192.05,196.00,176.00,192.95,1690
2005-05-09,194.50,204.98,183.50,203.68,2800
2005-05-16,203.50,212.50,200.70,207.23,4454
2005-05-23,208.00,210.75,205.25,206.50,2992
2005-05-30,211.90,217.30,201.50,201.55,15402
2005-06-06,203.50,207.50,199.00,201.10,3698
2005-06-13,200.00,205.02,193.50,199.62,3270
2005-06-20,199.55,199.55,180.12,190.12,2900
2005-06-27,197.50,197.50,185.50,185.50,932
2005-07-04,190.00,194.50,187.50,194.00,1376
2005-07-11,192.50,197.35,184.52,195.38,2632
2005-07-18,190.50,215.00,190.50,204.40,2326
2005-07-25,202.00,205.00,198.50,199.00,1100
2005-08-01,193.00,205.00,188.25,198.75,1632
2005-08-08,196.00,204.50,196.00,200.00,2680
2005-08-16,202.50,210.00,199.00,208.20,2290
2005-08-22,208.00,208.00,195.00,198.50,1370
2005-08-29,207.50,215.00,204.00,207.00,2430
2005-09-05,215.00,247.00,215.00,244.85,7328
2005-09-12,247.50,262.50,240.00,245.00,5096
2005-09-19,245.00,249.32,208.75,217.50,3260
2005-09-26,227.00,227.00,210.00,216.35,1008
2005-10-03,210.07,225.00,207.65,216.00,1386
2005-10-10,211.50,224.93,204.50,205.40,340
2005-10-17,213.50,213.50,180.82,195.50,1670
2005-10-24,192.50,202.00,187.55,200.00,1270
2005-10-31,207.00,207.50,198.00,204.27,1510
2005-11-07,206.75,218.50,196.00,209.40,2348
2005-11-14,200.02,213.50,200.02,204.00,2448
2005-11-21,209.50,215.00,199.50,209.98,824
2005-11-28,200.85,211.07,200.73,207.50,682
2005-12-05,211.00,219.93,203.00,215.00,1846
2005-12-12,210.00,210.00,205.00,207.50,676
2005-12-19,208.00,211.50,201.05,202.82,3204
2005-12-26,201.50,207.00,201.00,205.50,812
2006-01-02,201.07,214.00,201.00,211.02,2388
2006-01-09,205.50,226.80,205.50,226.80,7204
2006-01-16,233.07,235.50,212.65,212.65,1750
2006-01-23,223.00,229.00,211.27,211.27,35514
2006-01-30,210.00,218.90,198.02,209.38,776
2006-02-06,203.50,218.38,202.50,203.07,4220
2006-02-13,208.00,209.00,201.50,207.50,2984
2006-02-20,202.50,208.95,198.00,200.00,3688
2006-02-27,204.50,207.62,200.50,207.55,1312
2006-03-06,201.65,207.50,199.12,204.52,2310
2006-03-13,200.00,205.00,199.00,200.07,2592
2006-03-20,209.00,211.00,200.00,203.93,4584
2006-03-27,200.75,224.43,200.50,210.02,1944
2006-04-03,219.00,219.00,202.50,208.50,1280
2006-04-10,206.68,211.90,204.00,211.90,264
2006-04-17,212.50,227.50,212.50,217.65,9554
2006-04-24,224.00,224.00,210.05,212.85,4756
2006-05-02,211.25,222.20,204.60,215.25,2520
2006-05-08,236.75,236.75,223.25,226.00,11486
2006-05-15,223.00,239.95,206.50,209.65,4578
2006-05-22,202.00,217.45,195.00,215.00,2580
2006-05-29,217.00,223.50,190.00,200.00,4452
2006-06-05,200.00,200.00,159.52,171.90,3722
2006-06-12,175.00,175.00,162.50,170.50,1344
2006-06-19,178.45,180.00,170.00,179.88,642
2006-06-26,188.43,188.43,167.50,167.50,1396
2006-07-03,172.50,177.40,171.00,175.00,596
2006-07-10,175.00,176.62,169.00,169.00,342
2006-07-17,172.50,174.95,160.07,165.00,1844
2006-07-24,158.50,172.50,154.00,172.50,1072
2006-07-31,180.35,180.35,160.50,164.20,842
2006-08-07,172.05,178.50,165.52,175.00,1528
2006-08-14,170.00,185.00,169.10,178.10,1188
2006-08-21,170.50,181.93,170.50,176.55,1340
2006-08-28,174.05,193.75,166.52,170.48,9784
2006-09-04,172.50,187.50,171.00,180.00,4616
2006-09-11,180.00,182.00,168.57,173.88,2708
2006-09-18,172.68,179.98,165.10,171.00,1190
2006-09-25,175.02,184.50,170.00,173.43,11510
2006-10-03,179.00,181.60,172.50,179.38,1084
2006-10-09,178.50,187.50,175.02,185.48,1508
2006-10-16,179.30,185.27,175.10,184.25,2010
2006-10-23,184.77,185.98,172.52,185.85,442
2006-10-30,175.00,183.75,171.32,180.98,8082
2006-11-06,178.50,184.98,170.07,176.00,1976
2006-11-13,176.00,178.50,168.50,172.05,1064
2006-11-20,178.98,178.98,165.00,168.73,2002
2006-11-27,167.50,171.25,165.38,168.68,2960
2006-12-04,157.52,176.00,157.52,170.75,4120
2006-12-11,167.00,173.75,158.00,166.30,1296
2006-12-18,169.50,173.00,164.02,167.57,5578
2006-12-26,174.50,175.50,158.10,169.45,656
2007-01-02,170.00,177.50,166.05,171.75,1020
2007-01-08,174.45,179.70,166.75,170.80,1332
2007-01-15,170.80,181.00,170.05,178.57,1282
2007-01-22,180.95,185.00,170.30,172.50,264
2007-01-29,177.25,177.50,166.50,170.65,1134
2007-02-05,171.00,175.43,165.00,167.05,4026
2007-02-12,169.00,171.00,160.00,166.68,1266
2007-02-19,171.00,176.93,160.00,160.00,1948
2007-02-26,153.07,162.50,153.05,157.88,224
2007-03-05,158.00,160.73,152.30,153.65,2444
2007-03-12,153.50,165.00,144.00,159.18,5264
2007-03-19,159.18,175.00,154.50,167.50,16612
2007-03-26,172.48,172.48,160.00,165.98,296
2007-04-02,165.98,168.85,165.98,168.85,10
2007-04-09,160.00,170.00,157.25,165.50,2810
2007-04-16,167.50,174.48,165.50,169.20,2230
2007-04-23,172.50,173.00,158.05,160.50,3258
2007-04-30,163.00,169.93,159.50,162.50,178
2007-05-07,163.50,172.50,163.50,165.07,890
2007-05-14,171.00,172.95,161.00,166.25,1080
2007-05-21,169.00,182.50,167.50,171.25,552
2007-05-28,171.00,174.50,160.65,173.75,1722
2007-06-04,175.00,175.00,161.05,161.05,2084
2007-06-11,157.50,164.00,151.35,157.30,2788
2007-06-18,157.50,160.00,153.52,159.40,1874
2007-06-25,159.50,164.88,154.10,155.25,774
2007-07-02,151.50,166.98,151.50,156.00,1526
2007-07-09,155.05,161.32,153.50,156.32,3590
2007-07-16,157.90,224.00,148.00,195.35,64456
2007-07-23,200.00,203.98,167.52,175.70,24832
2007-07-30,200.00,200.00,167.50,170.62,3812
2007-08-06,193.50,193.50,160.57,182.00,9366
2007-08-13,182.50,185.45,165.85,174.00,1672
2007-08-20,184.38,197.50,145.50,172.50,2940
2007-08-27,170.00,182.50,167.55,175.07,1810
2007-09-03,175.55,193.93,156.77,186.60,6702
2007-09-10,189.40,208.50,178.10,200.00,8704
2007-09-17,195.00,217.50,192.50,210.68,10274
2007-09-24,244.90,298.73,235.00,248.23,127020
2007-10-01,245.00,265.00,239.07,240.35,5998
2007-10-08,225.50,257.30,225.50,250.27,5614
2007-10-15,270.00,322.50,252.00,262.20,40890
2007-10-22,292.52,300.00,246.05,269.50,6086
2007-10-29,262.55,288.00,252.50,264.90,6182
2007-11-05,260.00,279.50,232.95,254.88,2746
2007-11-12,250.00,265.00,242.10,255.85,7964
2007-11-19,252.50,270.02,225.62,251.88,2580
2007-11-26,232.52,287.45,232.52,254.77,3922
2007-12-03,259.45,274.50,255.73,262.48,2962
2007-12-10,259.50,287.88,251.50,255.52,2814
2007-12-17,269.40,275.00,243.35,253.30,3406
2007-12-24,258.00,285.00,255.50,282.05,17156
2007-12-31,285.08,314.00,274.65,275.02,18242
2008-01-07,292.50,307.50,251.73,256.92,10732
2008-01-14,267.00,271.98,250.00,252.00,2572
2008-01-21,221.00,250.00,177.52,228.12,3104
2008-01-28,230.00,270.00,225.10,258.00,4506
2008-02-04,243.50,269.45,237.50,247.43,3224
2008-02-11,259.00,259.00,205.50,227.75,2378
2008-02-18,250.05,260.00,222.00,229.50,1334
2008-02-25,237.45,237.50,220.00,229.45,362
2008-03-03,230.93,230.93,180.27,207.50,790
2008-03-10,196.00,227.00,195.02,196.77,1172
2008-03-17,195.00,210.00,155.65,184.50,20318
2008-03-24,180.05,239.00,175.05,225.00,7310
2008-03-31,230.00,244.98,195.00,201.95,17248
2008-04-07,200.12,209.48,197.50,200.55,1014
2008-04-15,222.00,235.00,207.02,224.65,4156
2008-04-21,225.00,247.50,220.00,242.45,13242
2008-04-28,240.00,250.00,230.00,234.00,12950
2008-05-05,208.50,244.00,208.15,232.30,3002
2008-05-12,222.00,233.88,212.50,229.50,2400
2008-05-20,226.50,240.95,216.00,220.52,3472
2008-05-26,217.62,240.00,215.68,231.68,1858
2008-06-02,230.00,236.50,190.15,208.43,5176
2008-06-09,250.00,250.00,192.55,216.27,3798
2008-06-16,222.00,222.00,196.00,196.00,1494
2008-06-23,187.07,204.50,182.02,196.00,2912
2008-06-30,197.50,197.50,177.65,182.60,1558
2008-07-07,190.00,203.75,187.75,190.00,1030
2008-07-14,189.00,193.50,178.25,184.93,4994
2008-07-21,184.00,200.00,180.50,194.00,1772
2008-07-28,196.50,199.75,184.98,186.10,9808
2008-08-04,182.75,219.00,182.75,195.00,26556
2008-08-11,187.50,199.50,186.00,197.50,528
2008-08-18,195.00,223.00,187.75,195.00,6488
2008-08-25,188.55,195.00,188.55,192.50,682
2008-09-01,188.00,195.00,187.55,195.00,500
2008-09-08,194.95,194.95,185.00,186.25,202
2008-09-15,185.50,232.50,171.00,196.25,2568
2008-09-22,190.00,199.98,180.00,183.00,6358
2008-09-29,181.50,185.00,175.50,177.73,410
2008-10-06,176.25,180.00,135.25,148.95,484
2008-10-13,155.05,175.00,145.75,155.00,1428
2008-10-20,150.55,170.00,148.00,150.00,1576
2008-10-27,143.00,167.50,137.75,152.52,708
2008-11-03,194.50,194.50,155.80,165.05,1534
2008-11-10,162.50,162.50,136.50,155.35,4130
2008-11-17,147.50,155.50,145.00,149.50,7190
2008-11-24,143.00,164.40,143.00,147.50,272
2008-12-01,142.50,167.00,142.50,151.50,268
2008-12-08,147.50,160.00,142.50,154.20,438
2008-12-15,150.00,159.50,145.00,151.77,736
2008-12-22,155.00,162.50,150.00,152.57,2448
2008-12-29,154.95,159.00,154.95,159.00,280
2009-01-05,151.75,161.00,145.50,148.05,102
2009-01-12,157.00,157.50,155.00,155.00,38
2009-01-19,152.75,157.50,151.00,151.00,2872
2009-01-27,152.00,157.00,145.00,150.00,3276
2009-02-02,159.98,159.98,145.05,148.82,68
2009-02-09,150.00,150.55,146.00,150.50,250
2009-02-16,148.00,156.00,143.80,152.50,1694
2009-02-24,145.05,145.05,141.52,143.52,394
2009-03-02,140.50,152.00,137.50,141.40,680
2009-03-09,141.00,141.95,137.05,139.88,328
2009-03-16,139.50,145.00,139.50,145.00,100
2009-03-23,142.52,143.05,137.55,140.00,480
2009-03-30,142.55,149.50,140.50,145.02,304
2009-04-06,145.02,159.75,145.02,154.05,288
2009-04-13,150.05,157.00,150.05,152.85,1708
2009-04-20,155.00,155.50,148.65,151.50,2018
2009-04-27,151.50,154.98,150.85,151.62,300
2009-05-04,152.00,174.82,152.00,162.50,4490
2009-05-11,155.52,161.50,150.00,151.93,916
2009-05-18,152.50,166.50,151.50,158.98,9372
2009-05-25,162.50,189.90,161.00,188.12,37472
2009-06-01,205.00,214.95,186.00,210.48,72212
2009-06-08,215.05,221.00,196.02,197.52,45306
2009-06-15,191.27,202.95,182.18,188.68,17858
2009-06-22,187.50,189.45,175.50,184.98,13776
2009-06-29,185.00,193.95,182.70,191.85,4006
2009-07-06,194.00,200.00,176.25,178.55,2288
2009-07-13,175.00,182.00,167.50,181.00,6490
2009-07-20,174.05,193.43,174.05,190.00,20190
2009-07-27,190.50,193.50,185.25,190.07,46166
2009-08-03,192.00,192.50,185.27,186.90,51256
2009-08-10,185.50,188.25,180.00,184.32,42534
2009-08-17,187.50,196.50,185.05,195.20,38202
2009-08-24,197.50,204.38,193.88,203.30,123296
2009-08-31,202.75,215.00,190.00,192.45,88310
2009-09-07,192.45,199.50,185.50,186.82,35104
2009-09-14,186.05,193.00,186.05,187.80,14706
2009-09-22,191.45,192.45,185.02,187.98,12530
2009-09-29,186.00,192.50,186.00,190.40,9574
2009-10-05,190.00,194.65,185.20,186.30,12568
2009-10-12,185.52,192.00,185.35,190.02,16630
2009-10-20,191.52,199.30,191.30,195.75,23626
2009-10-26,199.75,202.50,188.85,190.23,18592
2009-11-03,188.85,193.25,182.62,191.05,4016
2009-11-09,194.35,201.93,190.00,198.62,22680
2009-11-16,198.05,207.00,187.00,200.95,12942
2009-11-23,202.50,210.85,194.00,199.20,13978
2009-11-30,200.00,211.00,200.00,204.23,13028
2009-12-07,209.50,210.50,202.00,206.27,6766
2009-12-14,210.40,210.40,202.50,208.45,4828
2009-12-21,208.75,212.00,202.25,208.43,6482
2009-12-29,205.50,211.95,205.50,209.40,7114
2010-01-04,209.05,224.50,209.05,221.30,69698
2010-01-11,222.05,235.50,218.75,224.32,59674
2010-01-18,228.50,229.95,206.10,211.60,16864
2010-01-25,215.52,220.50,191.20,210.40,13444
2010-02-01,210.50,216.95,197.45,199.48,11322
2010-02-08,205.00,208.95,194.18,201.70,6650
2010-02-15,198.55,206.00,195.00,197.93,13384
2010-02-22,200.55,202.50,195.00,200.15,4322
2010-03-02,200.00,207.40,197.25,204.62,2784
2010-03-08,205.10,210.50,197.50,207.07,8742
2010-03-15,202.60,212.50,201.50,208.18,13370
2010-03-22,209.50,216.00,207.50,210.73,9450
2010-03-29,211.55,223.50,207.60,209.73,5794
2010-04-05,209.00,217.40,209.00,216.15,12098
2010-04-12,213.52,223.00,213.52,217.35,15542
2010-04-19,210.00,235.00,208.50,230.12,30818
2010-04-26,230.00,232.40,222.50,230.57,24984
2010-05-03,229.00,233.50,220.10,222.55,11092
2010-05-10,222.55,235.00,216.30,223.20,6124
2010-05-17,229.48,229.98,215.00,219.73,10040
2010-05-24,215.07,223.43,212.52,217.07,4718
2010-05-31,218.50,225.95,213.50,216.12,4560
2010-06-07,216.00,218.82,210.25,216.98,5974
2010-06-14,213.60,226.95,213.60,222.70,6506
2010-06-21,223.00,241.70,223.00,233.40,13920
2010-06-28,237.00,251.00,230.05,243.70,16152
2010-07-05,243.00,261.00,243.00,258.95,30366
2010-07-12,261.50,267.00,242.50,243.15,45004
2010-07-19,242.00,243.45,225.05,228.85,10774
2010-07-26,225.57,233.00,220.50,226.50,9662
2010-08-02,227.00,227.38,220.10,222.20,6248
2010-08-09,225.00,227.40,215.80,222.57,6374
2010-08-16,222.50,233.50,221.88,227.25,6636
2010-08-23,223.00,228.00,215.55,223.00,5224
2010-08-30,223.27,230.95,218.65,229.95,5126
2010-09-06,231.50,232.50,225.38,229.43,3578
2010-09-13,231.07,235.00,226.62,229.52,7070
2010-09-20,227.60,236.50,222.50,227.50,3366
2010-09-27,230.00,240.00,222.50,229.95,6006
2010-10-04,237.50,271.00,227.57,246.23,115338
2010-10-11,252.50,253.00,240.12,248.95,11062
2010-10-18,241.50,260.00,241.05,245.57,6442
2010-10-25,245.00,258.48,233.65,236.90,7672
2010-11-01,235.12,244.40,222.60,237.80,5158
2010-11-08,237.50,243.00,227.77,234.00,7882
2010-11-15,235.00,240.60,223.00,225.48,6106
2010-11-22,228.00,233.00,214.00,219.30,5328
2010-11-29,222.50,236.50,218.50,232.50,2294
2010-12-06,231.98,234.70,212.50,223.18,5572
2010-12-13,226.90,232.50,219.07,226.18,6028
2010-12-20,226.25,232.50,207.50,213.02,29352
2010-12-27,215.00,218.00,205.00,214.88,30222
2011-01-03,216.62,227.48,213.10,213.90,12626
2011-01-10,213.50,218.50,208.50,213.23,5850
2011-01-17,211.65,217.50,206.25,211.90,5166
2011-01-24,212.00,235.50,205.00,207.93,6568
2011-01-31,205.30,212.50,205.25,209.88,2010
2011-02-07,209.50,211.00,195.60,200.18,5680
2011-02-14,196.25,211.62,193.30,203.73,2868
2011-02-21,201.25,208.50,200.00,201.00,3604
2011-02-28,204.00,209.82,200.68,205.02,7828
2011-03-07,204.45,207.50,197.00,205.00,2552
2011-03-14,195.50,207.43,195.50,200.00,2908
2011-03-21,200.00,206.93,198.50,201.50,3536
2011-03-28,206.07,206.07,199.12,203.35,4406
2011-04-04,210.93,212.00,202.00,207.23,8714
2011-04-11,209.45,219.00,206.00,216.85,5308
2011-04-18,217.50,220.00,211.70,217.30,8798
2011-04-25,217.10,227.50,212.50,216.90,14082
2011-05-02,222.25,222.25,212.50,214.27,9074
2011-05-09,219.85,219.85,212.50,213.95,2222
2011-05-16,215.00,217.48,205.62,213.75,3254
2011-05-23,214.50,219.43,211.50,213.07,2454
2011-05-30,217.38,219.38,210.00,214.93,3462
2011-06-06,213.12,221.50,212.80,214.60,4166
2011-06-13,213.55,219.98,213.55,215.25,1918
2011-06-20,214.75,219.65,209.00,214.95,2682
2011-06-27,213.50,228.25,213.50,226.90,12550
2011-07-04,230.50,243.93,229.95,240.35,23476
2011-07-11,238.12,244.50,216.10,217.77,23248
2011-07-18,217.50,224.95,204.75,209.15,35030
2011-07-25,206.77,209.98,200.00,204.30,5320
2011-08-01,200.25,209.00,190.75,197.50,13586
2011-08-08,196.00,215.00,190.80,195.55,10780
2011-08-16,198.98,198.98,182.75,193.75,6510
2011-08-22,198.48,212.45,190.50,195.02,4096
2011-08-29,187.50,204.25,187.50,201.00,752
2011-09-05,197.50,200.00,195.00,196.98,2454
2011-09-12,196.57,200.00,193.70,197.70,1262
2011-09-19,197.55,205.00,193.82,194.62,2692
2011-09-26,194.62,199.50,192.75,196.57,968
2011-10-03,192.77,207.48,192.00,192.82,2498
2011-10-10,197.50,200.00,193.00,197.00,1872
2011-10-17,199.95,200.00,191.27,191.57,1692
2011-10-24,195.00,199.95,192.00,199.35,1206
2011-10-31,196.50,218.88,194.00,198.00,4750
2011-11-08,196.18,204.85,196.18,199.50,1242
2011-11-14,190.50,199.48,190.50,195.50,3848
2011-11-21,190.07,198.93,186.05,192.27,4624
2011-11-28,189.00,197.10,188.18,189.90,1698
2011-12-05,199.38,199.38,187.15,192.57,2742
2011-12-12,192.90,192.90,185.00,187.30,1018
2011-12-19,185.00,192.00,179.85,182.93,13352
2011-12-26,186.02,188.38,177.20,182.50,1130
2012-01-02,181.35,194.00,181.00,190.18,2220
2012-01-09,185.25,199.00,185.25,194.60,632
2012-01-16,192.62,199.00,192.12,195.00,518
2012-01-23,197.50,199.43,189.32,193.12,2780
2012-01-30,195.00,198.45,191.57,194.85,1466
2012-02-06,197.50,199.50,182.85,197.50,3674
2012-02-13,199.95,217.50,197.50,199.62,8904
2012-02-21,200.30,209.98,197.50,200.00,680
2012-02-27,195.00,205.30,191.00,202.48,3058
2012-03-05,200.00,201.48,191.10,195.98,1316
2012-03-12,202.00,204.93,193.62,200.73,3008
2012-03-19,195.25,206.98,195.25,205.48,5822
2012-03-26,204.75,206.23,196.12,201.43,184
2012-04-02,202.50,205.02,195.02,205.00,586
2012-04-09,204.93,207.48,195.57,200.00,1194
2012-04-16,209.00,219.00,195.02,202.45,3344
2012-04-23,197.50,207.50,195.05,200.00,2864
2012-04-30,215.90,215.90,195.25,202.98,2696
2012-05-07,202.25,210.00,195.00,195.00,1558
2012-05-14,193.00,198.00,185.52,190.00,3330
2012-05-21,187.50,198.00,185.00,191.23,1686
2012-05-28,185.25,199.62,182.50,183.38,6096
2012-06-04,178.38,221.88,178.38,220.50,93744
2012-06-11,226.00,256.52,180.50,182.38,919560
2012-06-18,182.10,185.68,167.50,170.40,46606
2012-06-25,172.50,172.50,163.57,167.00,15944
2012-07-02,166.50,179.50,164.32,173.00,22698
2012-07-09,174.00,186.85,172.98,175.55,37544
2012-07-16,179.23,182.50,166.88,171.00,10834
2012-07-23,173.27,173.27,164.10,165.00,3900
2012-07-30,167.98,167.98,157.50,161.05,4942
2012-08-06,169.00,169.50,158.60,160.48,3654
2012-08-13,159.02,164.50,157.00,157.00,9854
2012-08-21,162.25,162.25,152.50,154.48,5004
2012-08-27,153.00,159.50,145.10,150.50,6004
2012-09-03,158.98,162.00,148.23,148.23,3900
2012-09-10,151.00,159.50,148.50,153.90,4424
2012-09-17,150.55,156.20,148.50,155.95,1668
2012-09-24,152.50,161.00,152.50,157.75,6084
2012-10-01,156.50,163.00,152.50,158.00,8900
2012-10-08,159.50,168.00,146.18,161.20,5902
2012-10-15,159.05,167.50,154.00,157.70,6884
2012-10-22,155.00,160.50,150.57,155.80,4352
2012-10-29,146.30,156.25,146.30,151.50,6366
2012-11-05,152.02,155.82,151.25,152.50,3130
2012-11-12,151.20,153.43,147.55,151.05,1368
2012-11-19,146.30,152.50,144.25,145.23,3594
2012-11-26,149.93,149.98,144.07,146.45,7014
2012-12-03,158.50,158.50,144.38,145.00,7450
2012-12-10,143.50,149.45,143.00,145.50,26174
2012-12-17,147.00,149.50,143.02,146.20,6250
2012-12-24,144.00,146.85,143.05,144.27,2222
2012-12-31,146.25,156.00,146.25,148.57,7632
2013-01-07,147.00,157.50,143.82,144.12,5098
2013-01-14,143.35,146.45,142.00,143.95,5970
2013-01-21,146.93,153.10,140.00,140.05,8060
2013-01-28,140.05,152.50,139.50,143.98,12016
2013-02-04,142.80,146.48,132.77,135.00,5994
2013-02-11,136.48,136.48,125.00,128.35,5268
2013-02-18,128.50,132.12,126.45,129.48,1350
2013-02-25,129.50,129.50,120.00,122.50,3212
2013-03-04,122.30,135.00,120.00,123.95,3760
2013-03-11,125.03,137.85,124.30,126.75,1618
2013-03-18,129.00,129.35,118.78,122.50,7204
2013-03-25,124.50,124.60,116.15,117.05,2590
2013-04-01,122.47,132.20,119.28,119.75,1160
2013-04-08,120.00,122.00,113.00,121.40,2512
2013-04-15,118.95,122.97,111.15,113.60,3400
2013-04-22,114.30,129.98,113.50,124.00,1960
2013-04-29,126.50,138.50,124.57,132.00,3568
2013-05-06,130.00,132.40,121.62,124.90,1414
2013-05-13,121.03,133.25,120.30,127.05,2106
2013-05-20,129.50,130.00,115.15,118.50,3478
2013-05-27,117.05,126.10,115.78,117.50,2318
2013-06-03,116.03,121.50,115.50,121.50,772
2013-06-10,122.47,122.47,115.88,116.55,1138
2013-06-17,122.50,122.50,111.12,111.12,1232
2013-06-24,114.47,118.20,104.50,117.60,6370
2013-07-01,115.00,118.45,108.03,113.22,2274
2013-07-08,100.10,112.50,100.10,112.50,258
2013-07-15,117.47,124.50,102.55,108.00,114
2013-07-22,108.00,108.50,108.00,108.50,32
2013-07-29,121.00,143.00,101.50,117.50,574
2013-08-05,100.55,115.00,97.50,102.50,294
2013-08-12,102.50,105.00,90.22,100.00,1704
2013-08-19,101.50,107.50,100.00,107.50,144
2013-08-26,107.50,107.50,100.00,100.50,118
2013-09-02,111.00,111.00,98.55,98.55,360
2013-09-10,92.00,107.00,92.00,107.00,620
2013-09-16,107.00,107.00,96.05,104.50,580
2013-09-23,102.00,102.00,102.00,102.00,50
2013-09-30,102.00,105.00,102.00,105.00,230
2013-10-07,109.00,109.97,105.00,105.00,3194
2013-10-14,100.75,106.00,100.75,106.00,1338
2013-10-21,106.00,107.50,104.50,104.50,482
2013-10-28,105.00,109.95,103.50,109.95,828
2013-11-05,118.50,118.50,110.00,115.50,748
2013-11-11,121.28,140.25,121.28,139.50,3488
2013-11-18,134.00,138.25,132.50,134.07,1512
2013-11-25,134.05,137.50,134.05,137.50,780
2013-12-02,137.50,142.50,137.50,138.50,2312
2013-12-09,139.00,140.05,130.55,131.00,1112
2013-12-16,132.60,135.00,130.50,134.95,590
2013-12-23,137.50,147.00,137.00,145.00,4146
2013-12-30,145.00,146.45,141.18,142.50,2846
2014-01-06,137.00,143.50,137.00,143.50,1856
2014-01-13,130.02,157.98,130.00,142.00,2816
2014-01-20,138.52,159.80,135.00,158.50,4414
2014-01-27,160.00,169.50,155.50,160.00,19352
2014-02-03,155.02,155.02,140.02,150.50,2774
2014-02-10,150.95,160.00,145.82,147.20,1736
2014-02-17,147.75,153.48,144.38,153.38,1388
2014-02-24,156.05,170.00,156.05,163.43,7864
2014-03-03,164.00,184.50,164.00,166.00,8204
2014-03-10,162.10,169.50,160.50,167.00,3150
2014-03-18,165.52,169.98,160.50,162.95,4114
2014-03-24,167.98,169.00,160.10,166.65,1668
2014-03-31,157.57,175.00,152.50,174.32,5748
2014-04-07,158.00,182.50,158.00,173.85,3470
2014-04-15,171.77,189.00,171.40,174.75,12634
2014-04-21,176.00,182.57,168.18,177.02,5830
2014-04-28,176.00,182.50,173.50,175.88,5124
2014-05-05,187.95,217.50,173.65,198.32,39390
2014-05-12,197.50,200.00,181.98,187.45,17536
2014-05-19,187.45,201.50,185.62,198.00,15638
2014-05-26,200.48,202.50,189.70,197.50,5606
2014-06-02,192.75,206.00,192.55,201.50,4834
2014-06-09,201.00,211.50,193.00,193.25,12710
2014-06-16,194.02,203.00,189.52,202.18,5670
2014-06-23,197.70,203.00,193.55,199.07,1086
2014-06-30,200.00,224.98,200.00,216.68,13654
2014-07-07,210.52,221.80,198.25,204.20,7248
2014-07-14,202.00,213.50,197.50,205.88,7100
2014-07-21,205.62,209.45,201.50,207.15,8030
2014-07-28,207.50,212.32,202.52,206.52,11492
2014-08-04,202.52,269.00,202.48,239.30,188778
2014-08-11,240.55,282.20,236.00,266.30,71786
2014-08-18,274.00,314.00,270.00,305.60,77898
2014-08-25,307.50,311.00,287.75,308.12,14968
2014-09-01,345.00,374.90,337.50,369.40,212654
2014-09-08,371.50,419.50,371.00,391.17,114262
2014-09-15,390.00,399.00,340.60,351.33,44830
2014-09-22,374.50,374.50,320.00,333.92,15452
2014-09-29,322.75,338.98,322.58,327.40,3370
2014-10-07,327.50,333.98,308.10,315.33,11598
2014-10-13,300.55,319.00,285.02,312.60,7618
2014-10-20,313.50,340.50,307.75,329.58,7780
2014-10-27,344.48,412.50,329.50,394.60,107338
2014-11-03,400.52,429.00,391.52,394.17,64232
2014-11-10,404.00,450.00,382.50,429.65,71090
2014-11-17,428.50,437.48,400.00,403.02,27524
2014-11-24,400.50,405.50,372.75,393.73,8380
2014-12-01,390.00,406.35,377.50,384.27,7140
2014-12-08,385.00,393.98,355.00,355.77,6300
2014-12-15,347.50,365.00,333.58,355.30,6870
2014-12-22,357.50,364.50,350.50,359.00,6472
2014-12-29,359.02,424.85,356.50,406.80,19708
2015-01-05,404.08,412.38,379.80,381.00,10060
2015-01-12,382.00,399.52,370.08,381.67,8606
2015-01-19,383.00,412.50,369.80,385.92,18756
2015-01-27,390.80,397.45,374.50,379.58,8138
2015-02-02,375.00,410.00,357.50,363.08,105022
2015-02-09,361.50,380.00,344.80,377.73,26868
2015-02-16,380.00,387.42,365.00,371.08,14462
2015-02-23,373.98,376.75,346.00,358.20,11088
2015-03-02,370.00,370.00,353.62,358.02,5892
2015-03-09,361.65,361.75,343.00,346.95,5346
2015-03-16,343.50,369.85,330.50,333.62,19522
2015-03-23,352.50,352.50,305.50,323.55,14766
2015-03-30,330.00,350.00,325.05,348.00,4106
2015-04-06,350.00,397.50,350.00,382.95,13580
2015-04-13,394.00,397.48,372.50,380.38,6718
2015-04-20,375.10,380.00,360.05,365.80,13078
2015-04-27,357.75,366.50,345.02,347.95,13552
2015-05-04,337.55,360.00,325.25,334.38,8550
2015-05-11,339.50,395.50,315.65,371.92,12522
2015-05-18,382.50,382.50,352.50,371.35,16454
2015-05-25,383.50,383.50,345.00,350.52,18550
2015-06-01,350.55,352.50,328.98,338.00,5230
2015-06-08,330.50,341.50,321.02,337.50,6180
2015-06-15,330.80,349.50,330.80,345.60,3996
2015-06-22,347.50,399.50,347.00,359.12,14126
2015-06-29,350.00,389.90,343.35,365.10,9838
2015-07-06,362.52,410.50,362.52,378.35,103368
2015-07-13,377.50,400.00,370.00,397.73,93110
2015-07-20,405.50,445.00,391.75,434.42,134420
2015-07-27,441.92,590.00,440.75,557.10,453672
2015-08-03,557.00,620.75,536.00,571.90,214600
2015-08-10,682.60,724.75,569.48,620.35,359068
2015-08-17,615.00,683.48,605.00,622.80,105144
2015-08-24,610.00,610.00,487.50,533.30,142132
2015-08-31,532.02,545.00,480.55,488.95,44064
2015-09-07,481.02,565.50,465.25,526.73,38892
2015-09-14,527.52,559.00,505.00,522.15,30050
2015-09-21,512.65,535.00,491.27,516.35,14316
2015-09-28,513.98,540.00,490.02,521.12,23204
2015-10-05,520.50,544.95,516.85,520.12,13262
2015-10-12,522.02,650.50,510.65,625.65,97082
2015-10-19,632.50,650.00,594.00,598.17,49576
2015-10-26,595.00,612.50,560.50,564.85,23028
2015-11-02,553.55,597.00,525.75,538.30,14410
2015-11-09,525.00,562.25,519.00,540.77,13048
2015-11-16,562.45,575.60,525.55,563.10,10034
2015-11-23,567.50,604.00,550.60,565.30,17636
2015-11-30,562.52,592.50,557.55,577.48,13568
2015-12-07,575.00,575.00,520.50,533.48,10576
2015-12-14,550.00,559.50,517.52,550.27,37340
2015-12-21,582.00,582.00,535.00,558.30,24376
2015-12-28,552.50,582.48,540.52,558.00,35362
2016-01-04,562.00,580.00,534.00,545.88,14038
2016-01-11,530.00,547.48,488.38,534.52,37912
2016-01-18,515.05,555.00,487.30,553.75,40866
2016-01-25,560.00,570.00,533.50,565.20,26996
2016-02-01,550.02,571.00,496.00,513.35,45374
2016-02-08,519.67,523.98,422.50,442.42,57312
2016-02-15,445.05,472.58,413.30,455.67,40684
2016-02-22,455.00,466.10,425.00,454.77,9962
2016-02-29,452.75,475.00,432.55,451.52,10932
2016-03-08,464.98,464.98,442.52,448.92,8422
2016-03-14,447.50,464.17,434.00,440.50,20206
2016-03-21,442.67,462.25,435.50,445.10,11866
2016-03-28,440.27,450.00,430.10,445.52,14290
2016-04-04,445.50,453.50,435.90,444.60,46042
2016-04-11,447.50,447.50,425.50,435.92,8770
2016-04-18,444.00,450.00,435.30,444.73,5590
2016-04-25,449.50,469.00,430.85,447.15,13756
2016-05-02,445.00,449.50,427.50,430.23,5542
2016-05-09,439.25,443.98,430.00,437.67,6808
2016-05-16,433.15,449.00,430.50,431.88,3996
2016-05-23,449.50,449.50,362.75,380.98,49722
2016-05-30,380.98,387.50,367.02,376.23,12772
2016-06-06,375.00,384.45,366.52,376.80,10778
2016-06-13,372.52,387.52,367.50,381.83,6534
2016-06-20,387.00,425.00,375.50,405.00,77318
2016-06-27,400.55,451.98,390.12,447.08,30772
2016-07-04,454.50,470.00,444.00,445.77,50050
2016-07-11,445.00,457.00,430.02,431.38,30098
2016-07-18,448.50,448.50,413.30,428.50,12606
2016-07-25,432.08,432.48,415.00,425.90,13942
2016-08-01,431.85,532.00,410.00,485.27,225006
2016-08-08,486.50,519.50,457.50,479.52,57772
2016-08-16,481.62,511.00,467.50,509.23,28740
2016-08-22,506.02,519.48,497.50,512.60,15366
2016-08-29,507.32,515.98,498.00,501.07,13906
2016-09-06,501.90,514.00,497.05,502.55,14240
2016-09-12,500.00,510.00,490.55,502.68,17250
2016-09-19,502.48,510.00,483.00,492.55,9316
2016-09-26,495.67,586.00,475.77,506.10,110652
2016-10-03,500.00,527.50,500.00,507.30,11046
2016-10-10,507.52,512.00,495.02,498.45,6488
2016-10-17,503.50,519.00,493.50,505.73,12566
2016-10-24,509.88,599.00,507.50,547.65,91868
2016-11-01,579.00,580.00,532.50,543.98,12122
2016-11-07,551.90,565.00,450.55,496.42,31442
2016-11-15,481.50,512.00,453.00,480.70,18876
2016-11-21,475.00,489.80,460.55,487.25,8806
2016-11-28,489.70,498.00,467.50,468.55,8222
2016-12-05,468.55,478.50,452.90,475.38,21996
2016-12-12,475.42,487.90,453.27,481.88,10314
2016-12-19,509.50,568.60,484.33,491.73,40546
2016-12-26,499.50,500.00,476.50,495.30,11444
2017-01-02,488.48,502.35,485.67,491.60,13320
2017-01-09,498.92,503.60,487.50,496.02,6544
2017-01-16,496.02,510.00,488.50,493.05,3808
2017-01-23,498.00,500.00,480.50,491.05,9102
2017-01-30,495.92,501.45,473.00,474.50,18888
2017-02-06,478.00,481.45,460.00,470.80,12642
2017-02-13,462.52,470.00,442.48,451.95,13356
2017-02-20,451.95,464.95,451.50,461.42,7864
2017-02-27,461.00,469.00,450.55,455.75,6134
2017-03-06,463.30,466.73,431.70,452.48,8880
2017-03-14,451.08,458.00,444.00,452.45,12582
2017-03-20,449.98,457.50,439.98,445.00,8280
2017-03-27,439.38,464.98,438.05,457.05,30228
2017-04-03,464.88,464.88,445.00,448.00,12696
2017-04-10,446.58,482.40,444.95,470.65,25446
2017-04-17,472.50,475.00,450.65,468.40,20382
2017-04-24,458.62,475.45,452.55,462.08,15744
2017-05-02,464.83,466.00,452.50,458.05,5760
2017-05-08,463.70,469.98,446.67,452.65,12790
2017-05-15,457.50,467.48,454.00,454.25,7378
2017-05-22,458.25,472.50,437.50,468.23,31212
2017-05-29,472.50,473.00,446.52,463.50,14018
2017-06-05,472.45,480.00,455.00,463.65,7890
2017-06-12,474.90,474.90,447.52,450.25,10822
2017-06-19,457.50,461.95,440.52,445.30,8626
2017-06-27,448.90,448.90,435.95,438.42,5418
2017-07-03,440.02,454.45,440.02,445.92,9572
2017-07-10,471.98,471.98,444.38,451.98,7084
2017-07-17,451.98,459.73,440.08,447.48,19086
2017-07-24,446.08,462.48,440.50,448.05,14788
2017-07-31,448.50,454.88,440.77,444.95,7408
2017-08-07,443.00,453.15,414.10,419.00,19358
2017-08-14,427.50,448.50,402.55,424.60,33236
2017-08-21,429.00,439.23,419.02,422.40,12878
2017-08-28,422.50,439.85,415.50,439.20,10222
2017-09-04,440.98,467.00,438.00,449.85,20474
2017-09-11,456.98,464.95,442.50,447.98,77058
2017-09-18,449.50,456.98,433.50,439.17,15192
2017-09-25,437.50,440.08,421.08,430.45,4380
2017-10-03,439.98,439.98,413.05,420.33,5206
2017-10-09,422.00,426.50,415.00,419.55,8214
2017-10-16,420.02,433.00,415.52,427.08,5374
2017-10-23,425.00,431.50,420.00,427.35,8272
2017-10-30,420.77,429.48,417.67,424.88,10250
2017-11-06,425.00,432.00,417.67,420.55,11272
2017-11-13,430.00,430.00,414.00,417.17,9160
2017-11-20,417.05,458.00,415.05,451.77,21364
2017-11-27,458.00,464.48,441.08,447.58,16604
2017-12-04,455.00,461.00,407.80,429.17,34520
2017-12-11,426.67,442.48,425.00,430.00,8962
2017-12-18,426.50,454.00,415.50,447.73,11914
2017-12-26,457.48,458.00,440.02,442.83,7154
2018-01-01,454.00,546.40,442.52,546.40,149668
2018-01-08,562.62,570.00,485.80,492.65,120106
2018-01-15,492.50,503.82,460.00,462.08,19732
2018-01-22,462.08,473.00,451.10,455.98,13724
2018-01-29,456.00,459.50,410.50,415.08,20458
2018-02-05,407.80,437.50,399.00,434.30,12624
2018-02-12,436.52,509.48,436.00,466.10,85308
2018-02-19,467.50,468.98,431.52,435.77,16286
2018-02-26,440.00,445.42,427.05,431.65,6192
2018-03-05,425.50,434.48,412.55,414.42,9412
2018-03-12,417.52,435.00,414.48,425.88,9054
2018-03-19,435.00,436.73,404.00,412.88,6902
2018-03-26,414.50,419.73,402.10,407.10,4966
2018-04-02,417.50,431.00,410.00,428.52,6126
2018-04-09,428.50,430.75,420.00,420.15,4486
2018-04-16,417.50,430.00,410.50,411.45,9494
2018-04-23,415.00,420.23,404.00,408.58,8090
2018-04-30,418.48,421.25,405.58,418.73,5730
2018-05-07,413.00,421.90,401.00,404.15,12166
2018-05-14,406.00,407.50,387.33,393.52,7962
2018-05-21,389.05,414.95,380.15,394.17,34322
2018-05-28,391.50,415.80,391.50,406.05,8052
2018-06-04,410.00,410.00,365.50,398.70,6408
2018-06-11,405.88,415.20,395.00,396.85,8250
2018-06-18,395.08,402.50,389.25,392.83,3076
2018-06-25,391.02,400.00,377.75,379.73,7178
2018-07-02,391.08,391.08,370.00,374.02,5044
2018-07-09,380.00,397.80,371.02,377.45,5220
2018-07-16,382.48,382.48,356.98,368.70,9294
2018-07-23,373.92,438.65,360.60,409.85,26048
2018-07-30,422.50,422.50,387.52,395.30,11236
2018-08-06,390.00,431.98,389.40,411.83,19024
2018-08-13,405.02,411.08,388.52,400.02,5318
2018-08-20,403.55,411.62,393.00,400.08,7590
2018-08-27,407.50,427.50,402.00,415.35,15988
2018-09-03,411.23,427.50,410.50,414.27,15730
2018-09-10,424.50,424.50,396.02,404.30,9778
2018-09-17,401.02,413.23,375.00,383.83,2778
2018-09-24,401.00,401.00,347.50,348.52,31980
2018-10-01,349.50,355.00,327.77,334.88,7528
2018-10-08,334.98,349.98,329.00,348.85,5742
2018-10-15,352.30,358.62,330.55,337.45,4728
2018-10-22,332.55,343.08,308.00,316.50,17350
2018-10-29,317.50,334.42,315.00,328.80,10848
2018-11-05,325.02,339.50,325.00,334.90,2810
2018-11-12,331.33,397.77,330.52,366.77,65150
2018-11-19,374.05,381.65,349.98,352.55,14194
2018-11-26,354.00,359.58,333.00,346.23,8016
2018-12-03,345.00,361.15,342.00,342.58,4162
2018-12-10,337.52,369.98,331.15,355.12,5708
2018-12-17,360.67,360.70,347.05,351.90,6104
2018-12-24,361.65,377.52,352.52,359.50,8682
2018-12-31,359.50,368.00,352.67,356.70,5624
2019-01-07,355.27,363.00,344.15,359.42,4594
2019-01-14,356.25,359.45,348.00,353.83,3522
2019-01-21,354.52,356.98,342.05,344.45,3196
2019-01-28,350.00,350.00,325.50,333.40,7438
2019-02-04,333.58,339.88,325.00,326.20,5838
2019-02-11,326.20,337.42,312.50,315.98,6236
2019-02-18,315.02,358.42,305.60,345.20,10636
2019-02-25,350.98,363.45,333.90,349.62,15524
2019-03-05,357.52,367.42,353.05,360.10,18256
2019-03-11,360.48,369.20,354.90,355.58,5500
2019-03-18,345.02,361.25,345.02,349.10,6396
2019-03-25,346.58,362.48,345.08,348.95,4376
2019-04-01,348.02,354.98,345.15,348.58,3796
2019-04-08,350.90,356.25,344.05,345.42,3900
2019-04-15,349.98,351.70,342.50,344.95,2792
2019-04-22,342.52,346.60,318.15,321.48,14746
2019-04-30,326.58,343.50,298.30,301.92,25836
2019-05-06,306.27,308.50,277.58,280.73,21340
2019-05-13,279.98,280.50,240.82,251.15,77156
2019-05-20,253.02,259.50,238.25,252.23,50540
2019-05-27,258.95,264.00,249.75,252.50,15824
2019-06-03,252.93,258.48,232.85,234.95,36966
2019-06-10,235.82,237.60,224.00,229.15,26800
2019-06-17,228.57,237.43,219.30,235.65,10156
2019-06-24,234.98,238.98,230.00,232.02,4616
2019-07-01,232.82,241.23,227.23,232.20,4636
2019-07-08,230.00,240.00,221.02,224.98,8306
2019-07-15,222.02,227.25,217.50,222.48,5910
2019-07-22,223.00,234.98,210.00,215.80,4806
2019-07-29,222.62,226.48,190.00,198.30,12278
2019-08-05,195.02,230.00,194.98,225.48,11120
2019-08-13,220.05,230.00,213.57,222.82,8792
2019-08-19,224.48,234.50,217.48,221.25,5774
2019-08-26,223.98,238.50,220.10,232.23,20256
2019-09-03,233.18,245.00,228.02,243.80,7498
2019-09-09,250.00,277.50,242.50,246.55,22128
2019-09-16,253.50,253.50,230.00,231.25,11292
2019-09-23,247.88,247.90,230.05,235.73,6890
2019-09-30,235.70,237.52,227.00,229.93,3014
2019-10-07,232.00,251.65,226.00,238.25,3518
2019-10-14,232.52,244.50,223.05,230.57,6532
2019-10-22,231.10,232.82,220.00,224.30,5558
2019-10-29,225.73,243.45,221.80,222.70,14492
2019-11-04,222.70,232.50,218.00,220.38,6122
2019-11-11,224.48,318.95,218.00,291.23,470904
2019-11-18,290.00,300.00,250.00,253.12,43570
2019-11-25,251.02,310.33,251.00,266.70,100628
2019-12-02,266.52,272.77,250.00,253.85,16628
2019-12-09,253.00,260.85,230.00,237.52,21980
2019-12-16,244.50,253.52,232.52,245.68,22260
2019-12-23,243.52,273.00,239.00,263.85,31990
2019-12-30,269.00,272.30,252.50,256.20,23312
2020-01-06,256.20,285.48,245.00,274.45,40384
2020-01-13,280.00,285.00,262.55,263.20,15964
2020-01-20,264.02,266.50,251.00,261.35,17214
2020-01-27,265.00,265.00,255.50,258.08,8540
2020-02-03,255.52,263.92,252.52,255.45,6102
2020-02-10,260.00,324.40,254.00,286.70,324102
2020-02-17,289.00,293.30,274.52,286.27,54810
2020-02-24,292.50,295.00,253.25,258.48,34754
2020-03-02,276.55,277.50,239.15,247.25,31082
2020-03-09,245.52,245.52,188.00,216.70,26666
2020-03-16,210.50,212.50,191.00,207.18,21314
2020-03-23,199.52,219.50,169.30,212.55,17126
2020-03-30,212.50,220.00,193.02,207.05,10488
2020-04-07,210.00,224.50,206.48,221.23,8894
2020-04-13,215.07,233.30,205.05,224.52,9674
2020-04-20,230.00,254.50,213.02,226.25,14094
2020-04-27,237.50,274.95,232.50,254.50,28922
2020-05-04,250.00,250.00,214.62,225.35,13762
2020-05-11,224.02,249.00,220.12,228.82,13756
2020-05-18,242.40,242.40,215.00,220.00,20708
2020-05-26,220.00,234.98,217.50,225.38,10762
2020-06-01,224.02,244.55,224.02,240.00,17774
2020-06-08,240.68,255.00,232.50,245.80,16818
2020-06-15,244.77,263.90,240.55,254.68,28900
2020-06-22,255.02,329.40,255.00,301.50,147866
2020-06-29,301.50,304.50,250.55,273.92,121384
2020-07-06,284.40,285.00,266.35,268.73,20736
2020-07-13,267.55,277.20,262.60,266.58,12236
2020-07-20,272.50,272.50,253.45,257.20,14754
2020-07-27,260.00,264.00,245.05,248.80,13102
2020-08-03,259.50,267.48,242.00,264.38,17034
2020-08-10,266.48,317.15,260.05,281.35,51142
2020-08-17,281.35,302.50,274.50,297.55,25882
2020-08-24,297.75,302.50,285.50,286.10,15760
2020-08-31,286.52,286.52,265.60,272.08,7104
2020-09-07,275.10,308.00,263.65,272.92,8772
2020-09-14,272.95,318.17,271.08,297.42,53786
2020-09-21,293.08,298.73,262.52,274.70,11592
2020-09-28,277.48,286.38,271.77,280.20,11130
2020-10-05,278.48,285.00,271.30,275.98,6186
2020-10-12,276.98,288.00,258.42,260.48,16150
2020-10-19,263.50,267.45,255.00,265.08,7272
2020-10-26,267.48,272.83,251.98,258.02,6306
2020-11-02,260.02,275.00,250.65,264.52,8056
2020-11-09,267.50,353.92,265.52,316.45,176880
2020-11-17,325.00,339.00,309.05,331.42,39952
2020-11-23,335.00,349.20,325.00,336.77,46202
2020-12-01,340.00,345.00,327.48,332.67,31626
2020-12-07,328.00,337.50,310.00,321.77,40164
2020-12-14,325.02,334.40,315.00,330.85,55922
2020-12-21,327.00,327.02,293.02,316.00,60536
2020-12-28,317.48,371.00,316.17,360.12,114664
2021-01-04,367.50,367.50,344.00,346.95,27100
2021-01-11,355.00,374.50,327.70,333.70,16566
2021-01-18,330.52,355.00,322.75,328.40,39236
2021-01-25,342.50,342.50,325.00,331.85,10784
2021-02-01,332.50,343.00,320.80,327.05,41210
2021-02-08,329.45,373.25,325.00,351.62,115062
2021-02-15,364.50,364.50,330.02,332.27,26818
2021-02-22,342.50,346.00,321.00,330.20,17730
2021-03-01,332.35,387.50,332.35,369.85,87488
2021-03-08,374.98,387.50,362.48,369.90,22518
2021-03-15,368.90,385.02,348.62,360.65,43930
2021-03-22,375.00,375.00,351.60,354.40,21206
2021-03-30,350.00,373.30,350.00,361.77,12622
2021-04-05,357.60,372.52,346.30,369.30,20238
2021-04-12,365.00,393.00,351.02,387.18,26968
2021-04-19,388.00,388.00,353.50,374.85,18574
2021-04-26,379.77,382.00,367.48,376.70,13922
2021-05-03,374.52,430.00,368.27,414.73,48506
2021-05-10,414.73,419.00,388.00,391.82,27572
2021-05-17,396.98,410.02,379.30,406.77,29512
2021-05-24,406.00,437.50,395.00,421.45,56774
2021-05-31,432.50,557.15,400.55,492.38,450880
2021-06-07,497.00,529.73,475.60,496.07,185014
2021-06-14,495.57,509.98,470.00,494.82,52594
2021-06-21,487.88,497.50,461.00,479.55,65110
2021-06-28,479.55,529.00,461.00,495.75,337518
2021-07-05,507.50,520.08,487.50,494.57,70966
2021-07-12,504.55,593.90,486.15,549.48,1337482
2021-07-19,544.50,579.50,502.23,552.70,825304
2021-07-26,540.70,641.20,540.70,590.23,1642812
2021-08-02,590.95,594.00,507.65,529.52,431016
2021-08-09,532.00,537.45,456.70,478.32,271718
2021-08-16,480.00,505.95,479.07,486.27,110484
2021-08-23,487.50,492.95,456.68,482.32,73766
2021-08-30,483.30,547.50,483.30,538.23,179156
2021-09-06,526.05,541.25,514.85,519.30,69670
2021-09-13,523.50,534.90,512.50,523.70,87696
2021-09-20,524.50,528.00,490.52,495.95,58508
2021-09-27,495.02,506.00,483.40,485.15,48262
2021-10-04,492.00,497.50,481.00,482.80,53908
2021-10-11,482.80,550.00,482.00,518.00,297154
2021-10-18,524.00,529.65,498.77,503.18,108392
2021-10-25,510.02,526.25,483.00,487.20,121420
2021-11-01,473.50,498.80,467.10,476.90,24975
2021-11-08,483.90,485.95,448.00,461.85,53754
2021-11-15,467.85,467.85,420.25,433.40,39935
2021-11-22,439.90,507.40,407.70,450.90,177875
2021-11-29,449.00,450.40,420.50,429.55,37305
2021-12-06,442.55,445.55,425.05,437.60,26321
2021-12-13,440.00,525.95,422.80,515.95,332799
2021-12-20,505.90,519.00,450.05,490.20,287447
2021-12-27,485.50,528.90,462.75,486.05,209215
2022-01-03,486.05,539.70,482.00,521.75,184106
2022-01-10,530.00,540.45,509.00,522.25,92387
2022-01-17,524.85,539.95,505.20,525.85,64024
2022-01-24,529.90,529.90,460.95,482.95,40163
2022-01-31,499.80,519.90,472.20,491.40,37771
2022-02-07,495.00,496.35,440.25,464.15,42366
2022-02-14,450.00,476.70,441.00,449.10,25440
2022-02-21,445.00,447.55,390.00,409.15,40613
2022-02-28,414.10,418.00,389.30,401.45,39370
2022-03-07,399.15,424.80,386.00,414.70,19724
2022-03-14,418.05,423.60,400.00,413.65,33112
2022-03-21,417.00,432.05,403.00,406.60,37010
2022-03-28,406.25,408.80,386.50,404.25,36442
2022-04-04,409.95,425.00,401.00,413.95,20190
2022-04-11,417.30,420.00,405.50,412.15,12777
2022-04-18,411.00,468.00,406.95,433.85,59893
2022-04-25,449.70,457.00,411.05,415.80,37329
2022-05-02,414.95,430.00,371.05,374.35,28311
2022-05-09,374.35,399.70,363.05,371.85,25243
2022-05-16,375.50,394.95,367.00,383.00,13971
2022-05-23,398.50,398.50,349.00,350.60,35975
2022-05-30,358.90,380.75,349.10,362.05,37747
2022-06-06,362.05,370.00,345.00,347.20,15816
2022-06-13,346.90,357.20,329.70,333.30,20594
2022-06-20,335.85,338.00,288.15,322.10,17445
2022-06-27,331.00,342.45,317.30,324.45,8799
2022-07-04,322.60,357.95,318.20,342.65,12494
2022-07-11,346.55,378.00,336.30,358.25,17858
2022-07-18,361.30,368.15,353.20,359.40,8587
2022-07-25,358.85,365.35,340.00,350.55,11250
2022-08-01,353.00,363.90,341.05,355.60,12744
2022-08-08,358.45,360.00,343.75,352.95,15191
2022-08-16,350.00,352.95,331.45,332.85,21950
2022-08-22,336.60,343.00,327.65,335.00,14150
2022-08-29,334.00,341.65,313.80,334.75,18729
2022-09-05,335.65,345.50,335.35,343.40,19139
2022-09-12,343.40,364.50,338.55,341.60,25476
2022-09-19,341.00,443.70,333.15,370.80,441530
2022-09-26,372.00,374.15,330.45,350.65,38179
2022-10-03,344.20,422.80,344.20,388.55,248328
2022-10-10,388.20,424.75,362.20,397.80,149597
2022-10-17,405.00,524.00,392.00,483.45,642714
2022-10-24,480.20,509.00,480.20,487.20,74138
2022-10-31,492.00,507.95,445.50,467.65,93165
2022-11-07,476.15,496.70,441.20,442.90,53120
2022-11-14,445.05,480.00,401.20,449.50,79752
2022-11-21,443.10,478.00,439.55,456.25,26405
2022-11-28,452.75,473.45,439.00,441.30,42845
2022-12-05,444.30,458.00,432.00,439.05,21890
2022-12-12,445.60,445.60,424.00,425.05,19658
2022-12-19,420.20,434.40,377.05,380.15,24907
2022-12-26,380.15,415.00,378.30,403.30,17253
2023-01-02,420.00,420.00,388.90,395.30,12969
2023-01-09,396.60,399.00,377.60,389.80,17282
2023-01-16,390.80,392.00,376.05,379.00,11680
2023-01-23,381.90,393.95,357.00,364.75,11399
2023-01-30,365.40,380.15,353.05,359.70,34485
2023-02-06,360.65,379.00,344.00,360.80,24556
2023-02-13,357.00,360.75,329.00,330.15,28647
2023-02-20,335.50,342.40,320.00,325.80,17172
2023-02-27,325.05,364.90,309.05,349.05,44999
2023-03-06,345.00,354.55,333.00,340.50,14622
2023-03-13,337.75,352.95,319.10,322.65,44507
2023-03-20,319.85,327.40,300.00,304.90,26007
2023-03-27,304.70,304.70,284.65,294.25,67385
2023-04-03,297.90,335.90,296.70,329.00,18395
2023-04-10,335.00,340.00,317.10,319.30,11972
2023-04-17,321.75,328.00,317.60,325.45,8290
2023-04-24,323.75,335.00,318.00,326.80,12984
2023-05-02,329.00,335.00,321.10,331.25,8950
2023-05-08,329.05,374.40,316.05,351.90,70448
2023-05-15,351.90,416.00,340.65,389.30,239098
2023-05-22,388.00,388.00,340.85,357.60,110274
2023-05-29,362.00,365.00,348.05,352.80,18346
2023-06-05,350.20,419.90,350.00,390.90,132204
2023-06-12,393.05,428.00,387.05,399.80,103052
2023-06-19,400.55,414.20,388.20,393.95,36839
2023-06-26,394.90,405.00,388.20,396.65,11848
2023-07-03,398.85,399.55,385.40,388.65,20939
2023-07-10,393.25,526.55,385.25,522.00,743740
2023-07-17,514.00,517.00,456.05,490.15,311355
2023-07-24,490.05,492.00,445.00,459.45,26906
2023-07-31,460.00,462.00,423.00,435.00,27435
2023-08-07,455.00,455.00,421.00,423.75,17462
2023-08-14,424.00,430.50,405.30,410.20,11200
2023-08-21,411.00,458.65,407.55,425.75,48723
2023-08-28,425.75,435.00,415.00,424.95,11619
2023-09-04,424.00,438.00,420.00,429.15,20442
2023-09-11,435.00,443.00,406.00,430.35,25521
2023-09-18,430.35,485.50,425.00,484.10,76696
2023-09-25,484.40,505.50,465.05,505.10,95845
2023-10-03,505.00,515.20,494.00,500.00,34942
2023-10-09,490.00,509.90,490.00,505.00,28455
2023-10-16,505.50,557.50,505.50,557.50,36590
2023-10-23,568.65,580.00,546.15,579.35,79305
2023-10-30,580.00,632.95,574.00,632.95,39611
2023-11-06,645.60,709.00,645.00,709.00,21416
2023-11-13,694.85,722.65,680.95,708.20,44156
2023-11-20,694.30,709.50,672.95,676.20,34166
2023-11-28,689.70,703.45,689.40,703.15,18051
2023-12-04,705.10,721.10,700.00,721.10,22587
2023-12-11,721.10,732.85,680.00,680.55,24179
2023-12-18,694.20,715.00,657.25,691.55,24747
2023-12-26,715.00,857.80,715.00,786.85,322525
2024-01-01,778.20,782.95,732.25,735.90,47369
2024-01-08,746.80,757.95,715.00,719.60,30950
2024-01-15,749.30,749.30,673.75,676.70,43687
2024-01-23,676.75,710.65,658.70,663.20,30157
2024-01-29,663.50,692.95,630.20,634.80,48526
2024-02-05,649.00,740.00,620.75,698.55,136218
2024-02-12,707.00,727.55,639.10,642.00,106425
2024-02-19,651.65,700.00,645.20,660.15,55995
2024-02-26,660.35,725.90,650.00,701.90,294582
2024-03-04,725.00,725.00,622.15,640.00,98476
2024-03-11,649.25,652.45,556.95,574.15,93973
2024-03-18,582.70,594.50,535.90,582.10,60708
2024-03-26,595.00,595.00,545.75,551.60,50547
2024-04-01,549.20,644.00,549.20,627.85,54662
2024-04-08,637.25,692.45,612.00,626.20,115799
2024-04-15,610.00,655.65,569.15,608.20,124014
2024-04-22,617.30,749.00,611.05,724.45,431585
2024-04-29,734.70,775.00,618.00,621.00,516476
2024-05-06,627.70,628.90,549.35,567.95,150379
2024-05-13,570.00,630.00,560.00,618.30,102417
2024-05-21,620.00,627.00,590.00,597.15,61248
2024-05-27,599.90,664.55,578.55,586.95,392122
2024-06-03,590.05,609.90,500.00,569.10,142909
2024-06-10,569.65,595.00,565.10,577.00,66598
2024-06-18,577.05,596.95,567.00,576.60,58534
2024-06-24,581.00,634.80,569.50,588.40,159999
2024-07-01,597.25,613.50,576.50,580.35,139041
2024-07-08,589.05,610.00,575.00,580.55,174570
2024-07-15,589.25,593.00,564.90,569.15,47056
2024-07-22,560.60,603.20,546.05,588.70,69613
2024-07-29,580.00,599.00,571.55,577.05,47012
2024-08-05,572.00,634.45,552.40,571.90,122766
2024-08-12,584.00,591.90,558.00,564.00,57550
2024-08-19,563.00,619.95,560.30,590.05,120096
2024-08-26,598.90,630.00,580.00,596.15,127809
2024-09-02,597.95,617.00,575.40,581.45,53263
2024-09-09,590.15,590.15,565.00,580.20,40829
2024-09-16,599.25,628.00,560.00,570.75,80824
2024-09-23,584.00,605.00,556.00,579.30,59905
2024-09-30,579.30,583.80,554.40,568.10,18845
2024-10-07,568.10,574.95,544.75,569.65,20982
2024-10-14,569.60,579.90,550.00,558.85,22370
2024-10-21,560.00,567.20,505.50,520.00,24298
2024-10-28,538.25,572.90,511.25,560.55,35865
2024-11-04,561.40,576.25,546.00,567.95,19263
2024-11-11,567.95,572.60,510.45,516.20,24851
2024-11-18,516.15,526.95,500.00,510.20,18271
2024-11-25,521.00,529.85,501.10,518.85,27314
2024-12-02,528.80,564.00,511.70,558.95,42345
2024-12-09,567.80,609.00,543.50,581.05,99794
2024-12-16,577.00,581.70,543.05,548.40,16552
2024-12-23,551.30,583.35,543.50,573.40,20349
2024-12-30,573.40,580.55,539.35,570.35,30781
2025-01-06,573.40,573.40,528.00,533.65,18664
2025-01-13,516.00,547.85,499.95,533.65,22594
2025-01-20,544.40,562.75,525.40,533.05,12509
2025-01-27,528.20,534.70,492.95,500.95,37177
2025-02-03,499.95,516.90,485.35,499.25,16698
2025-02-10,510.00,510.00,428.10,437.70,24303
2025-02-17,439.95,478.90,415.00,472.35,52578
2025-02-24,472.30,499.00,435.00,439.45,47403
2025-03-03,469.75,469.75,416.05,443.40,19305
2025-03-10,465.00,465.00,425.00,438.65,16239
2025-03-17,438.65,464.60,418.80,452.70,29257
2025-03-24,462.00,470.00,410.80,414.80,53666
2025-04-01,411.00,470.00,409.00,444.35,20371
2025-04-07,442.00,442.00,388.10,436.85,38175
2025-04-15,435.00,494.00,424.00,476.45,28084
2025-04-21,509.95,550.00,494.00,498.65,119362
2025-04-28,509.20,513.20,479.25,495.20,28569
2025-05-05,492.70,511.45,479.80,490.65,20754
2025-05-12,492.40,529.20,492.40,516.35,19152
2025-05-19,516.35,534.95,494.95,516.95,27858
2025-05-26,530.00,530.00,500.00,503.60,13459
2025-06-02,515.40,515.40,485.00,501.45,22086
2025-06-09,510.00,510.00,493.05,500.10,15092
2025-06-16,490.85,508.85,446.80,466.60,52338
2025-06-23,466.60,494.00,461.00,481.45,12935
2025-06-30,482.00,489.00,451.30,476.45,47503
2025-07-07,479.95,482.45,451.00,455.70,25068
2025-07-14,456.05,466.30,436.70,463.15,24750
2025-07-21,466.95,497.20,460.10,475.55,24236
2025-07-28,469.35,475.00,442.80,465.65,19348
2025-08-04,478.60,481.90,459.10,467.20,22137
2025-08-11,467.20,491.10,453.95,466.10,22804
2025-08-18,484.60,490.15,463.60,487.65,19530
2025-08-25,494.00,494.00,458.20,462.45,10253
2025-09-01,462.50,505.90,462.50,490.45,16379
2025-09-08,492.95,496.60,474.95,480.30,14047
2025-09-15,485.00,490.00,467.40,471.10,12202
2025-09-22,465.85,483.95,440.00,450.55,12027
2025-09-29,469.70,469.70,443.90,456.95,5984
2025-10-06,464.00,464.00,439.00,445.85,12721
2025-10-13,440.20,454.80,438.25,448.15,6554
2025-10-20,452.00,456.00,441.00,451.75,10068
2025-10-27,450.00,465.00,435.60,441.60,29548
2025-11-03,451.50,452.00,418.00,439.35,27972
2025-11-10,449.50,449.50,424.90,427.40,18321
2025-11-17,426.05,439.95,414.15,418.15,27473
2025-11-24,418.15,429.80,410.00,428.85,20438
2025-12-01,419.90,432.00,419.75,422.85,8692
2025-12-08,419.00,427.20,403.90,425.00,8838
2025-12-15,425.00,428.95,400.00,402.20,16997
2025-12-22,402.00,425.50,402.00,414.05,13814
2025-12-29,409.90,417.90,396.00,413.65,10088
2026-01-05,413.00,413.00,382.50,391.75,34912
2026-01-12,397.60,408.00,384.10,389.90,11534
2026-01-19,406.00,408.40,383.20,398.55,17746
2026-01-27,406.00,406.00,370.00,372.60,28546
2026-02-02,387.75,392.00,360.20,362.70,10453
2026-02-09,372.00,372.00,342.70,350.00,15840
2026-02-16,356.00,359.85,343.70,345.60,13011
2026-02-23,345.60,397.70,331.05,336.45,136846
2026-03-02,335.10,335.10,300.95,311.10,38083
2026-03-09,311.10,314.85,286.00,292.35,25799
2026-03-16,290.90,327.00,277.00,293.90,77089
2026-03-23,294.70,297.00,268.00,277.55,80504
2026-03-30,275.10,295.40,257.00,290.65,34700
2026-04-06,290.65,364.00,287.80,338.45,46496
2026-04-13,317.00,348.65,317.00,324.00,58867
2026-04-20,334.20,335.95,310.30,324.40,73790
2026-04-27,320.05,337.80,315.00,333.60,50293
2026-05-04,345.00,469.00,334.10,440.55,497492
2026-05-11,434.00,440.90,380.10,383.95,69969
2026-05-18,367.55,375.05,321.00,352.80,80270
2026-05-25,350.00,375.05,350.00,369.20,29189
2026-06-01,369.90,375.00,347.05,359.95,15691
2026-06-08,368.80,368.80,325.05,333.75,16895
2026-06-15,335.45,373.95,334.75,352.05,22994
2026-06-22,340.50,361.95,340.00,345.30,13255
2026-06-29,357.40,362.85,338.30,355.10,19017
2026-07-06,355.00,360.10,335.50,341.15,15765
2026-07-13,341.15,347.10,327.00,333.60,14164
2026-07-20,332.70,340.00,323.05,326.30,7986
2026-07-27,328.00,339.30,320.00,322.35,15093
2026-08-03,327.00,339.75,319.10,327.10,15458
2026-08-10,333.00,336.80,322.50,330.15,13168
2026-08-17,334.00,339.15,323.00,329.25,8628
2026-08-24,327.75,338.45,320.00,326.35,5479
2026-08-31,334.00,334.00,315.15,331.75,8132
2026-09-07,329.90,330.00,316.00,317.85,7938
2026-09-15,320.00,327.00,312.95,319.80,6477
