Date,Open,High,Low,Close,Volume
2005-10-17,2.70,2.70,2.60,2.60,13900
2005-10-24,2.50,2.50,2.15,2.15,31902
2005-10-31,2.05,2.30,2.05,2.15,27125
2005-11-07,2.15,2.40,2.05,2.15,142489
2006-08-28,2.10,2.15,2.00,2.15,5610
2006-09-04,2.05,2.15,2.00,2.10,10359
2006-09-11,2.10,2.15,2.00,2.05,4100
2006-09-18,2.05,2.05,1.95,2.00,4581
2006-09-25,1.95,1.95,1.85,1.90,15551
2006-10-03,1.85,1.90,1.80,1.90,17200
2006-10-09,1.95,2.00,1.90,1.90,3100
2006-10-16,1.90,2.00,1.90,2.00,5000
2006-10-23,2.00,2.25,2.00,2.25,6410
2006-10-30,2.35,2.40,2.10,2.20,11324
2006-11-06,2.15,2.15,2.05,2.15,10950
2006-11-13,1.95,1.95,1.85,1.85,5000
2006-11-20,1.90,1.90,1.75,1.90,10335
2006-11-27,1.80,1.90,1.80,1.90,9073
2006-12-04,2.10,2.50,2.10,2.50,31500
2006-12-11,2.65,2.75,2.55,2.55,5409
2006-12-18,2.65,2.85,2.40,2.65,20908
2006-12-26,2.95,3.10,2.95,3.10,6700
2007-01-02,3.30,3.90,3.30,3.90,3700
2007-01-08,3.95,4.25,3.65,3.65,53334
2007-01-15,3.70,4.60,3.70,4.45,102086
2007-01-22,4.65,4.65,3.75,3.95,47323
2007-01-29,3.75,3.90,3.70,3.90,5514
2007-02-05,4.00,4.10,3.60,3.60,61100
2007-02-12,3.40,3.40,2.90,3.20,5425
2007-02-19,3.40,3.40,3.00,3.15,8675
2007-02-26,3.15,3.15,3.00,3.00,1371
2007-03-05,3.00,3.00,2.75,2.75,51
2007-03-12,2.65,2.65,2.40,2.50,11708
2007-03-19,2.40,2.90,2.40,2.90,3525
2007-03-26,3.00,3.00,2.75,2.75,1850
2007-04-02,2.75,2.75,2.70,2.70,1
2007-04-09,2.70,2.80,2.70,2.80,2
2007-04-16,2.90,3.05,2.85,3.05,6
2007-04-23,3.05,3.05,3.05,3.05,0
2007-04-30,2.85,2.85,2.85,2.85,0
2007-05-07,2.75,2.90,2.75,2.85,3
2007-05-14,3.10,3.10,2.75,2.75,9604
2007-05-21,2.75,2.85,2.55,2.60,1117
2007-05-28,2.60,2.85,2.60,2.85,2
2007-06-04,2.75,2.75,2.45,2.65,1292
2007-06-11,2.55,2.80,2.40,2.40,219
2007-06-18,2.45,2.45,2.40,2.40,3791
2007-06-25,2.50,2.70,2.50,2.65,922
2007-07-02,2.50,2.50,2.50,2.50,100
2007-07-09,2.45,2.70,2.30,2.60,12882
2007-07-16,2.40,3.10,2.40,2.85,4622
2007-07-23,3.00,3.00,2.70,2.70,545
2007-07-30,2.85,2.85,2.50,2.50,27019
2007-08-06,2.55,2.60,2.55,2.60,1010
2007-08-13,2.65,2.90,2.65,2.90,2501
2007-08-20,3.00,3.05,2.75,2.75,15740
2007-08-27,2.85,2.95,2.70,2.70,222
2007-09-03,2.50,2.95,2.50,2.95,12857
2007-09-10,3.25,3.60,3.20,3.45,45255
2007-09-17,3.40,3.60,3.10,3.20,12984
2007-09-24,2.90,3.20,2.80,3.00,7596
2007-10-01,3.15,3.35,3.00,3.30,10682
2007-10-08,3.15,3.50,3.15,3.20,21242
2007-10-15,3.05,3.05,2.80,2.80,1160
2007-10-22,2.80,2.85,2.80,2.85,7140
2007-10-29,3.00,3.00,3.00,3.00,1200
2007-11-05,3.00,3.30,3.00,3.30,2585
2007-11-12,3.30,4.05,3.00,4.00,17859
2007-11-19,4.00,4.20,3.65,3.65,22655
2007-11-26,3.55,4.00,3.55,4.00,6105
2007-12-03,3.75,3.80,3.60,3.75,13000
2007-12-10,3.60,4.25,3.60,4.25,79534
2007-12-17,4.25,4.50,3.90,4.45,160039
2007-12-24,4.70,5.40,4.60,5.40,163809
2007-12-31,6.00,7.00,6.00,7.00,264506
2008-01-07,7.35,7.75,6.35,6.35,216597
2008-02-25,4.50,4.50,4.50,4.50,1
2008-03-03,4.10,4.10,4.10,4.10,2
2008-03-10,3.55,3.95,3.25,3.40,29310
2008-03-17,3.40,3.40,3.20,3.20,1251
2008-03-24,2.90,3.30,2.45,2.50,8890
2008-03-31,2.50,3.20,2.50,3.20,12106
2008-04-07,3.05,3.55,3.00,3.25,48873
2008-04-15,3.10,3.40,3.05,3.25,12162
2008-04-21,3.10,3.40,3.10,3.35,11348
2008-04-28,3.25,3.25,3.00,3.15,9560
2008-05-05,3.15,3.35,2.85,3.35,20615
2008-05-12,3.35,3.40,2.90,3.00,55606
2008-05-20,2.90,3.40,2.90,3.15,20798
2008-05-26,3.15,3.25,2.90,2.90,22547
2008-06-02,2.65,2.85,2.40,2.60,21699
2008-06-09,2.35,2.90,2.35,2.85,13721
2008-06-16,3.00,3.00,2.50,2.60,12210
2008-06-23,2.60,2.65,2.25,2.45,14087
2008-06-30,2.30,2.50,1.95,2.25,12768
2008-07-07,2.00,3.30,1.80,3.05,79094
2008-07-14,2.75,3.15,2.60,2.65,30744
2008-07-21,2.65,2.80,2.30,2.70,26309
2008-07-28,2.60,2.80,2.50,2.50,12638
2008-08-04,2.50,2.95,2.45,2.95,25075
2008-08-11,2.65,2.95,2.40,2.70,51990
2008-08-18,2.70,3.15,2.50,2.70,19257
2008-08-25,2.70,2.90,2.45,2.60,5248
2008-09-01,2.65,2.85,2.55,2.65,9891
2008-09-08,2.65,2.85,2.45,2.70,9158
2008-09-15,2.30,3.00,2.20,2.70,11165
2008-09-22,2.95,2.95,2.30,2.55,16655
2008-09-29,2.60,2.80,1.70,2.55,8984
2008-10-06,2.45,2.75,1.60,1.70,52004
2008-10-13,1.65,2.50,1.65,2.20,39523
2008-10-20,2.00,2.30,1.60,1.60,5830
2008-10-27,1.30,1.95,1.10,1.70,19142
2008-11-03,1.70,2.00,1.30,1.70,21873
2008-11-10,1.90,1.90,1.70,1.70,3737
2008-11-17,1.70,1.70,1.20,1.20,512
2008-11-24,1.30,1.30,1.25,1.25,2000
2008-12-01,1.25,1.30,1.20,1.30,2608
2008-12-08,1.30,1.30,1.30,1.30,110
2008-12-15,1.30,1.50,1.30,1.35,4300
2008-12-22,1.45,1.55,1.45,1.55,40
2008-12-29,1.65,1.80,1.65,1.80,6596
2009-01-05,1.85,1.85,1.75,1.75,202
2009-01-12,1.70,1.70,1.70,1.70,450
2009-01-19,1.65,1.75,1.65,1.75,512
2009-01-27,1.90,1.90,1.80,1.80,6
2009-02-02,1.85,1.95,1.85,1.95,2
2009-02-09,1.85,2.05,1.85,1.85,23448
2009-02-16,1.90,1.90,1.90,1.90,8505
2009-02-24,2.10,2.25,1.90,2.00,12845
2009-03-02,1.90,1.95,1.80,1.85,1403
2009-03-09,1.85,2.15,1.85,2.10,2893
2009-03-16,2.00,2.55,2.00,2.50,2350
2009-03-23,2.40,2.40,2.10,2.35,6938
2009-03-30,2.35,2.65,2.35,2.40,1197
2009-04-06,2.40,2.40,2.30,2.30,1700
2009-04-13,2.20,2.30,2.15,2.30,1775
2009-04-20,2.15,2.15,1.90,2.00,22745
2009-04-27,2.10,2.10,1.85,2.00,19458
2009-05-04,2.00,2.10,1.95,1.95,7057
2009-05-11,1.95,2.10,1.90,2.10,1705
2009-05-18,2.00,2.30,2.00,2.30,12803
2009-05-25,2.30,2.65,2.30,2.40,29277
2009-06-01,2.50,2.90,2.35,2.65,32672
2009-06-08,2.80,2.80,2.55,2.60,23168
2009-06-15,2.60,2.75,2.30,2.45,30897
2009-06-22,2.35,2.55,2.30,2.55,13201
2009-07-06,2.45,2.50,2.25,2.35,7001
2009-07-13,2.00,2.25,1.85,1.90,20813
2009-07-20,1.80,2.15,1.80,2.05,55187
2009-07-27,1.90,2.40,1.90,2.25,35593
2009-08-03,2.35,2.35,2.00,2.30,31156
2009-08-10,2.10,2.50,1.95,2.20,81015
2009-08-17,2.00,2.45,1.95,2.05,27716
2009-08-24,2.00,2.30,2.00,2.20,47767
2009-08-31,2.40,2.40,2.00,2.20,57534
2009-09-07,2.50,4.45,2.45,4.10,795109
2009-09-14,4.10,4.30,3.15,3.40,261187
2009-11-16,2.45,2.45,2.45,2.45,100
2009-11-23,2.35,2.60,2.30,2.30,22499
2009-11-30,2.20,2.50,2.10,2.20,15879
2009-12-07,2.25,2.35,2.15,2.30,10784
2009-12-14,2.10,2.30,2.00,2.20,29379
2009-12-21,2.15,2.30,2.00,2.15,32093
2009-12-29,2.25,2.35,2.15,2.35,12047
2010-01-04,2.25,2.75,2.20,2.70,66372
2010-01-11,2.75,3.00,2.55,2.70,32956
2010-01-18,2.60,3.00,2.60,2.90,103140
2010-02-15,2.45,2.45,2.45,2.45,3244
2010-02-22,2.35,2.80,2.30,2.60,26607
2010-03-02,2.50,2.75,2.45,2.50,17674
2010-03-08,2.50,2.85,2.40,2.50,30424
2010-03-15,2.75,2.85,2.40,2.45,23168
2010-03-22,2.60,2.85,2.35,2.50,43082
2010-03-29,2.55,3.25,2.55,2.75,161304
2010-04-05,3.00,3.00,2.50,2.70,100835
2010-04-12,2.80,2.85,2.60,2.70,94581
2010-04-19,2.85,3.15,2.55,3.10,139883
2010-04-26,3.00,3.85,3.00,3.65,199643
2010-05-03,3.70,3.85,3.50,3.60,118291
2010-05-10,3.60,3.60,3.30,3.30,37657
2010-06-07,2.70,2.95,2.70,2.95,5260
2010-06-14,2.85,3.40,2.70,3.30,19719
2010-06-21,3.30,3.35,3.00,3.05,18225
2010-06-28,3.10,3.50,3.00,3.30,68364
2010-07-05,3.40,3.40,2.90,3.00,19146
2010-07-12,3.05,3.45,2.85,3.40,38631
2010-07-19,3.10,3.65,3.00,3.20,23837
2010-07-26,3.05,3.45,2.80,3.10,41754
2010-08-02,3.15,3.45,2.65,2.90,53379
2010-08-09,2.80,3.15,2.80,3.05,13600
2010-08-16,3.00,3.10,2.75,2.90,32131
2010-08-23,2.90,3.00,2.65,2.80,16558
2010-08-30,2.80,3.10,2.75,3.00,48415
2010-09-06,2.80,3.50,2.70,3.10,31200
2010-09-13,3.10,3.15,2.70,2.70,37127
2010-09-20,2.70,2.90,2.60,2.80,33102
2010-09-27,2.90,3.70,2.50,3.10,117582
2010-10-04,3.15,3.50,2.75,2.85,34350
2010-10-11,3.00,3.15,2.60,2.95,17107
2010-10-18,3.00,3.40,2.90,3.10,82758
2010-10-25,3.15,3.25,2.70,3.05,24743
2010-11-01,2.85,3.15,2.75,2.75,14958
2010-11-08,3.00,3.35,2.75,3.15,68617
2010-11-15,3.00,3.15,2.60,2.65,20387
2010-11-22,2.70,3.00,2.30,2.35,26277
2010-11-29,2.75,3.35,2.30,2.70,59751
2010-12-06,2.70,3.00,2.00,2.20,44164
2010-12-13,2.05,2.70,2.00,2.50,30366
2010-12-20,2.20,2.80,2.05,2.40,34153
2010-12-27,2.55,2.60,2.25,2.40,25912
2011-01-03,2.55,2.90,2.20,2.55,69047
2011-01-10,2.25,2.80,2.25,2.60,70964
2011-01-17,2.65,2.65,2.25,2.45,26050
2011-01-24,2.40,2.80,2.25,2.60,77784
2011-01-31,2.25,2.60,2.25,2.35,16898
2011-02-07,2.25,2.50,2.00,2.15,20636
2011-02-14,2.15,2.50,2.15,2.20,2621
2011-02-21,1.95,2.20,1.90,2.15,11382
2011-02-28,2.20,2.25,1.95,2.20,9549
2011-03-07,2.00,2.20,1.95,2.15,23023
2011-03-14,1.95,2.35,1.85,1.95,24975
2011-03-21,1.95,2.10,1.75,1.80,7095
2011-03-28,1.75,2.10,1.65,1.85,48657
2011-04-04,1.95,2.15,1.80,2.00,19385
2011-04-11,2.15,2.15,2.00,2.00,4708
2011-04-18,1.85,2.35,1.80,1.90,23288
2011-04-25,1.80,1.95,1.55,1.65,88165
2011-05-02,1.45,1.80,1.45,1.55,15597
2011-05-09,1.50,2.00,1.50,1.60,21431
2011-05-16,1.70,1.70,1.45,1.50,23156
2011-05-23,1.50,1.80,1.45,1.60,9475
2011-05-30,1.70,1.95,1.30,1.65,14137
2011-06-06,1.65,1.75,1.40,1.55,32629
2011-06-13,1.55,1.70,1.50,1.50,27219
2011-06-20,1.45,1.70,1.40,1.65,6675
2011-06-27,1.65,1.75,1.40,1.50,17693
2011-07-04,1.60,1.75,1.40,1.55,8175
2011-07-11,1.90,1.90,1.45,1.50,23264
2011-07-18,1.50,1.60,1.50,1.50,2607
2011-07-25,1.50,1.60,1.45,1.45,13193
2011-08-01,1.45,1.55,1.20,1.20,4574
2011-08-08,1.20,1.55,1.00,1.40,12928
2011-08-16,1.25,1.50,1.10,1.35,22875
2011-08-22,1.40,1.55,1.20,1.20,7393
2011-08-29,1.35,1.55,1.20,1.45,8157
2011-09-05,1.25,1.50,1.20,1.25,4730
2011-09-12,1.25,1.45,1.20,1.40,4156
2011-09-19,1.45,1.45,1.15,1.30,8792
2011-09-26,1.15,1.40,1.00,1.20,45241
2011-10-03,1.00,1.40,1.00,1.15,8452
2011-10-10,1.05,1.40,1.05,1.10,9847
2011-10-17,1.15,1.25,1.05,1.05,13592
2011-10-24,1.25,1.30,0.95,1.20,16998
2011-10-31,1.20,1.25,1.00,1.10,2846
2011-11-08,1.10,1.30,1.05,1.30,8201
2011-11-14,1.10,1.30,0.90,0.90,81879
2011-11-21,0.90,0.90,0.75,0.75,55647
2011-11-28,0.75,0.85,0.75,0.80,2686
2011-12-05,0.80,0.80,0.80,0.80,8
2011-12-12,0.80,0.80,0.75,0.75,21363
2011-12-19,0.70,0.75,0.70,0.70,9743
2011-12-26,0.75,0.80,0.70,0.75,9413
2012-01-02,0.70,0.75,0.70,0.75,3450
2012-01-09,0.80,0.85,0.80,0.85,1600
2012-01-16,0.90,1.10,0.90,1.10,1345
2012-01-23,1.20,1.25,1.15,1.20,4780
2012-01-30,1.15,1.20,1.15,1.20,2891
2012-02-06,1.20,1.20,1.20,1.20,102
2012-02-13,1.10,1.10,1.00,1.05,2194
2012-02-21,1.00,1.10,1.00,1.05,3063
2012-02-27,1.05,1.05,1.00,1.00,70
2012-03-05,1.00,1.00,1.00,1.00,2530
2012-03-12,1.00,1.05,0.90,0.90,25240
2012-03-19,0.95,0.95,0.75,0.75,4115
2012-04-02,0.85,0.95,0.85,0.95,8671
2012-04-09,1.00,1.05,0.95,1.05,55622
2012-04-16,1.10,1.30,1.10,1.30,39230
2012-04-23,1.35,1.50,1.35,1.50,74547
2012-04-30,1.50,1.60,1.50,1.60,6101
2012-05-07,1.65,1.85,1.65,1.85,12376
2012-05-14,1.90,2.20,1.90,2.15,8124
2012-05-21,2.05,2.45,2.05,2.25,13688
2012-05-28,2.20,2.40,2.20,2.20,5693
2012-06-04,2.10,2.20,2.00,2.20,11602
2012-06-11,2.10,2.25,2.10,2.15,11166
2012-06-18,2.15,2.45,2.10,2.45,28947
2012-06-25,2.55,2.65,2.45,2.45,3210
2012-07-02,2.50,2.60,2.40,2.55,5191
2012-07-09,2.45,3.00,2.45,3.00,217304
2012-07-16,3.00,3.05,2.70,2.70,21127
2012-07-23,2.60,2.70,2.50,2.65,13221
2012-07-30,2.55,2.55,2.30,2.30,6328
2012-08-06,2.20,2.20,2.00,2.05,19020
2012-08-13,2.05,2.20,2.00,2.20,15642
2012-08-21,2.15,2.35,2.15,2.35,7889
2012-08-27,2.35,2.35,2.10,2.10,9658
2012-09-03,2.10,2.10,2.00,2.10,10111
2012-09-10,2.00,2.10,1.90,2.00,10644
2012-09-17,2.10,2.45,2.05,2.35,36312
2012-09-24,2.35,2.55,2.20,2.30,16377
2012-10-01,2.15,2.65,2.15,2.40,35382
2012-10-08,2.40,2.55,2.30,2.40,41226
2012-10-15,2.35,2.45,2.05,2.20,49026
2012-10-22,2.20,2.40,2.00,2.35,28660
2012-10-29,2.30,2.40,2.05,2.15,40752
2012-11-05,2.25,2.45,1.95,2.20,33212
2012-11-12,2.60,2.60,2.05,2.60,1729
2012-11-19,2.30,3.00,2.05,2.30,31671
2012-11-26,2.20,2.25,2.20,2.25,3000
2012-12-03,2.15,2.15,2.15,2.15,13705
2012-12-10,2.10,2.15,2.10,2.10,1473
2012-12-17,2.05,2.40,2.05,2.30,16321
2012-12-24,2.40,2.40,2.20,2.40,58500
2012-12-31,2.30,2.30,2.30,2.30,700
2013-01-07,2.25,2.25,2.25,2.25,500
2013-01-14,2.20,2.20,2.15,2.15,676
2013-01-21,2.15,2.15,2.05,2.05,8600
2013-01-28,1.95,1.95,1.95,1.95,1000
2013-02-04,1.95,1.95,1.95,1.95,1000
2013-02-18,1.95,1.95,1.95,1.95,268
2013-02-25,1.90,1.90,1.85,1.85,210
2013-03-04,1.80,1.80,1.75,1.75,550
2013-03-11,1.70,1.70,1.60,1.60,4700
2013-03-18,1.55,1.55,1.55,1.55,500
2013-04-01,1.05,1.10,1.00,1.05,1632
2013-06-03,1.10,1.10,1.10,1.10,2500
2013-06-10,1.15,1.35,1.15,1.35,5952
2013-06-17,1.40,1.45,1.40,1.45,700
2013-06-24,1.50,1.50,1.50,1.50,50
2013-07-29,1.45,1.45,1.40,1.40,400
2013-09-10,1.45,1.45,1.45,1.45,10
2013-09-23,1.40,1.40,1.40,1.40,120
2013-09-30,1.40,1.40,1.40,1.40,0
2013-10-07,1.40,1.40,1.40,1.40,0
2013-10-14,1.40,1.40,1.40,1.40,0
2013-10-21,1.40,1.40,1.35,1.40,1495
2013-11-18,1.35,1.35,1.35,1.35,2
2013-11-25,1.30,1.30,1.30,1.30,1
2013-12-02,1.25,1.25,1.25,1.25,1
2013-12-09,1.20,1.20,1.05,1.05,9
2013-12-16,1.00,1.10,0.95,1.10,10994
2013-12-30,1.05,1.05,1.05,1.05,5
2014-01-13,1.00,1.00,1.00,1.00,545
2014-01-20,0.95,1.10,0.95,1.10,930
2014-01-27,1.15,1.20,1.10,1.15,7383
2014-02-03,1.20,1.30,1.15,1.30,27051
2014-02-10,1.30,1.35,1.20,1.30,34455
2014-02-17,1.30,1.35,1.25,1.30,45953
2014-02-24,1.30,1.40,1.30,1.40,5410
2014-03-03,1.45,1.50,1.40,1.50,8150
2014-03-10,1.50,1.50,1.45,1.45,4932
2014-03-18,1.50,1.65,1.50,1.65,2499
2014-03-24,1.70,1.90,1.70,1.90,13760
2014-03-31,1.90,1.90,1.90,1.90,8000
2014-04-07,1.90,1.90,1.85,1.85,1030
2014-04-21,1.85,1.85,1.85,1.85,1000
2014-05-05,1.80,1.90,1.75,1.75,39700
2014-05-12,1.75,1.75,1.70,1.75,30989
2014-05-19,1.80,1.95,1.80,1.95,38550
2014-05-26,1.90,2.30,1.90,2.30,33054
2014-06-02,2.30,2.75,2.30,2.75,31107
2014-06-09,2.80,2.90,2.70,2.85,25632
2014-06-16,2.75,2.75,2.40,2.40,7502
2014-06-23,2.40,2.45,2.25,2.45,2570
2014-06-30,2.55,2.85,2.55,2.80,29850
2014-07-07,2.80,2.90,2.65,2.75,51001
2014-07-14,2.65,2.70,2.60,2.60,543
2014-07-21,2.50,2.50,2.40,2.40,3625
2014-08-04,2.30,2.30,2.30,2.30,40
2014-08-11,2.30,2.30,2.30,2.30,200
2014-08-18,2.20,2.20,2.10,2.10,1175
2014-08-25,2.00,2.30,2.00,2.30,597
2014-09-01,2.30,2.30,2.15,2.15,23114
2014-09-08,2.15,2.15,1.90,1.90,5210
2014-09-22,1.90,1.90,1.85,1.90,440
2014-09-29,1.90,1.90,1.90,1.90,3000
2014-10-07,1.85,1.85,1.85,1.85,50
2014-10-13,1.85,1.85,1.85,1.85,120
2014-10-20,1.80,1.80,1.80,1.80,880
2014-10-27,1.80,1.80,1.80,1.80,1971
2014-11-03,1.80,1.80,1.80,1.80,5180
2014-11-10,1.85,1.85,1.85,1.85,1095
2014-11-17,1.85,1.90,1.85,1.90,10526
2014-11-24,1.90,1.90,1.90,1.90,7895
2014-12-08,1.90,1.90,1.90,1.90,3000
2015-02-02,1.95,1.95,1.85,1.85,1500
2015-02-09,1.90,2.20,1.90,2.20,10925
2015-02-16,2.30,2.60,2.30,2.60,14847
2015-02-23,2.70,3.30,2.70,3.30,314326
2015-03-02,3.45,3.90,3.45,3.90,799039
2015-03-09,4.00,4.00,3.50,3.50,160517
2015-03-16,3.50,3.85,3.35,3.85,52137
2015-03-30,3.80,3.80,3.80,3.80,195
2015-04-06,3.65,3.65,3.40,3.40,704
2015-04-20,3.40,3.40,3.40,3.40,57
2015-04-27,3.40,3.40,3.40,3.40,100
2015-05-04,3.40,3.40,3.40,3.40,10
2015-05-18,3.25,3.55,3.10,3.55,2544
2015-05-25,3.50,3.50,3.50,3.50,5000
2015-06-15,3.35,3.60,3.35,3.60,50
2015-07-06,3.45,3.45,3.45,3.45,3000
2015-07-13,3.45,3.75,3.30,3.75,60396
2015-07-20,3.60,3.60,3.50,3.50,6138
2015-07-27,3.55,3.70,3.50,3.50,17749
2015-08-03,3.50,3.65,3.20,3.50,7353
2015-08-10,3.65,4.25,3.65,4.25,81601
2015-08-17,4.45,4.65,4.05,4.10,57003
2015-08-24,4.05,4.10,3.45,3.60,48654
2015-08-31,3.45,4.00,3.40,4.00,21185
2015-09-07,3.90,4.00,3.60,3.75,7325
2015-09-14,4.00,4.00,3.15,3.45,2417
2015-09-21,3.25,4.20,3.25,4.05,214602
2015-09-28,4.00,4.75,3.65,4.75,441705
2015-10-05,4.80,5.15,4.25,4.65,386536
2015-10-12,4.80,5.05,4.60,4.75,154796
2015-10-19,4.80,4.95,4.40,4.70,65734
2015-10-26,4.50,4.70,4.50,4.50,38449
2015-11-02,4.60,4.60,4.20,4.25,56793
2015-11-09,3.85,5.00,3.85,4.70,38174
2015-11-16,4.60,6.35,4.60,6.35,198130
2015-11-23,6.65,6.95,6.05,6.65,246640
2015-11-30,6.65,7.00,5.70,5.90,149302
2015-12-07,6.35,6.35,5.05,5.65,114175
2015-12-14,5.65,6.30,5.30,5.75,67614
2015-12-21,6.00,7.90,5.90,7.90,87958
2015-12-28,8.25,9.50,8.25,9.05,1085822
2016-01-04,9.05,9.50,8.30,8.80,332893
2016-01-11,8.80,9.00,7.60,7.60,105459
2016-01-18,7.25,7.25,6.60,6.65,18428
2016-01-25,6.90,7.00,5.80,6.00,77354
2016-02-01,6.30,6.55,5.35,5.75,88898
2016-02-08,5.80,6.25,5.35,5.75,61618
2016-02-15,6.00,6.05,5.45,5.65,99457
2016-02-22,5.80,5.80,4.85,4.85,18204
2016-02-29,5.05,5.50,4.65,4.95,84553
2016-03-08,4.95,5.30,4.75,5.20,53251
2016-03-14,5.00,5.40,4.55,4.75,164857
2016-03-21,4.90,4.90,4.55,4.75,67263
2016-03-28,4.55,5.10,4.50,4.60,105330
2016-04-04,4.75,5.30,4.40,5.00,15030
2016-04-11,4.70,5.15,4.60,4.90,2106
2016-04-18,5.00,5.25,4.45,4.80,15663
2016-04-25,4.95,5.10,4.35,4.65,59003
2016-05-02,4.25,5.25,4.10,4.45,47464
2016-05-09,4.25,5.00,4.00,4.50,20705
2016-05-16,4.50,4.85,3.80,4.40,85733
2016-05-23,5.25,5.25,3.80,4.05,28033
2016-05-30,4.35,4.70,3.95,4.35,18678
2016-06-06,4.65,4.65,4.15,4.50,20264
2016-06-13,4.50,4.60,4.10,4.20,23474
2016-06-20,4.80,4.80,3.55,4.15,128928
2016-06-27,4.20,4.95,3.85,4.10,79587
2016-07-04,4.40,4.95,4.05,4.95,195559
2016-07-11,5.45,6.95,5.10,6.40,860245
2016-07-18,6.70,6.90,5.60,5.75,279722
2016-07-25,6.30,6.30,5.35,5.45,246468
2016-08-01,5.70,5.90,4.95,5.20,299247
2016-08-08,5.45,6.40,4.80,6.20,607455
2016-08-16,6.20,6.50,5.40,5.65,340960
2016-08-22,5.90,6.10,5.35,5.95,244885
2016-08-29,5.70,7.30,5.40,7.00,336578
2016-09-06,7.55,7.90,7.00,7.35,672750
2016-09-12,7.00,7.80,6.10,7.05,165181
2016-09-19,7.30,7.30,6.60,6.65,129257
2016-09-26,6.55,6.90,5.80,6.35,198435
2016-10-03,6.35,7.45,6.00,6.80,852296
2016-10-10,6.70,7.65,5.80,6.85,687835
2016-10-17,6.65,7.00,6.30,6.70,168759
2016-10-24,6.55,7.75,6.30,7.15,203285
2016-11-01,6.75,8.10,6.55,7.40,610947
2016-11-07,7.80,8.20,6.00,7.05,415500
2016-11-15,7.50,7.50,5.60,6.50,100844
2016-11-21,6.20,6.40,5.60,6.10,135939
2016-11-28,6.10,6.55,5.05,5.85,591700
2016-12-05,5.80,6.15,5.70,5.80,80709
2016-12-12,5.80,6.45,4.70,5.60,137978
2016-12-19,5.85,6.00,5.10,5.65,29465
2016-12-26,5.80,6.35,5.05,5.50,88615
2017-01-02,5.55,6.80,5.55,6.05,496246
2017-01-09,6.00,6.20,5.70,5.90,59423
2017-01-16,5.75,6.40,5.75,5.85,52817
2017-01-23,5.90,6.30,5.50,5.80,63225
2017-01-30,5.80,6.70,5.50,6.15,67038
2017-02-06,6.20,6.90,5.90,6.20,317335
2017-02-13,6.25,6.50,5.75,5.90,80033
2017-02-20,5.80,6.10,5.55,5.70,246306
2017-02-27,5.65,8.15,5.55,6.95,454068
2017-03-06,7.00,7.20,6.05,6.75,170781
2017-03-14,7.05,7.05,6.25,6.50,87747
2017-03-20,6.50,6.65,6.10,6.35,80380
2017-03-27,6.95,6.95,6.05,6.25,313243
2017-04-03,6.35,6.70,6.00,6.65,141202
2017-04-10,6.65,8.20,6.15,7.85,321436
2017-04-17,9.30,9.60,7.85,8.25,3315876
2017-04-24,8.50,9.25,8.15,8.40,337278
2017-05-02,8.15,8.30,7.45,7.90,68855
2017-05-08,7.95,7.95,7.10,7.30,71306
2017-05-15,7.45,7.70,6.95,7.30,28521
2017-05-22,7.05,8.05,6.90,8.00,270597
2017-05-29,8.00,8.20,7.40,7.85,131173
2017-06-05,7.90,9.50,7.30,8.95,162263
2017-06-12,9.00,10.00,8.50,9.40,680766
2017-06-19,9.85,9.95,8.50,8.80,161300
2017-06-27,8.25,9.25,7.65,8.75,87794
2017-07-03,9.10,10.00,7.90,9.70,288500
2017-07-10,10.20,10.60,9.10,9.70,197560
2017-07-17,9.30,11.70,9.30,11.20,1164375
2017-07-24,11.60,12.25,10.40,11.50,2148514
2017-07-31,11.80,13.80,11.00,12.55,3219005
2017-08-07,12.80,13.30,10.00,11.20,1523727
2017-08-14,10.55,12.45,10.55,12.00,287963
2017-08-21,13.10,14.20,12.05,13.40,1731748
2017-08-28,14.00,14.60,11.05,12.15,3182722
2017-09-04,12.75,12.80,11.55,12.05,226862
2017-09-11,12.05,13.05,11.50,13.05,976919
2017-09-18,12.40,13.25,11.90,11.95,236732
2017-09-25,12.00,12.30,10.85,11.35,159722
2017-10-03,10.80,12.00,10.75,11.20,1093598
2017-10-09,11.50,12.10,10.80,11.00,142499
2017-10-16,11.40,12.25,10.65,11.75,146162
2017-10-23,11.60,12.25,11.20,11.85,111463
2017-10-30,12.35,12.65,11.20,12.65,354144
2017-11-06,13.25,13.90,12.00,12.90,574011
2017-11-13,13.50,13.55,12.40,12.75,190311
2017-11-20,13.05,14.80,12.45,14.55,3716480
2017-11-27,14.80,15.00,13.25,13.65,1003810
2017-12-04,14.15,14.20,13.00,13.80,376098
2017-12-11,14.50,14.50,12.60,14.20,1490958
2017-12-18,13.95,16.15,13.20,15.85,4683588
2017-12-26,16.40,16.65,15.40,15.60,7506451
2018-01-01,15.60,16.10,13.95,15.35,3885331
2018-01-08,15.70,15.95,14.00,14.80,1480893
2018-01-15,14.55,15.10,12.60,13.05,1115637
2018-01-22,13.05,13.45,12.30,12.95,586153
2018-01-29,12.80,13.50,10.80,10.95,1072978
2018-02-05,10.85,11.40,9.75,11.40,739033
2018-02-12,11.90,12.50,11.05,11.05,253421
2018-02-19,10.60,11.20,9.75,10.15,369200
2018-02-26,10.25,10.70,10.00,10.15,226172
2018-03-05,10.00,10.35,8.95,9.05,446988
2018-03-12,9.15,9.60,8.75,9.50,374498
2018-03-19,9.75,9.90,8.75,8.85,551510
2018-03-26,8.80,9.50,8.60,9.05,303397
2018-04-02,9.05,9.70,9.00,9.35,217750
2018-04-09,9.35,9.60,8.65,8.95,721694
2018-04-16,8.75,9.40,8.65,8.80,129635
2018-04-23,8.75,9.10,8.65,8.80,159310
2018-04-30,8.70,8.95,7.85,7.95,360133
2018-05-07,7.75,8.15,7.20,7.40,592084
2018-05-14,7.65,7.90,6.90,7.45,294255
2018-05-21,7.45,8.05,7.10,7.60,134254
2018-05-28,7.85,8.00,7.25,7.70,194880
2018-06-04,7.70,8.35,6.60,7.65,177543
2018-06-11,7.90,7.90,7.10,7.15,73320
2018-06-18,7.00,7.70,6.70,7.15,78333
2018-06-25,6.90,7.50,5.55,7.25,253751
2018-07-02,7.90,7.90,6.10,6.70,160729
2018-07-09,6.60,6.95,6.00,6.05,926694
2018-07-16,6.05,6.40,5.35,6.00,223102
2018-07-23,6.00,6.50,5.20,6.40,348952
2018-07-30,6.50,7.20,6.15,6.75,209104
2018-08-06,6.75,8.10,6.25,6.95,1585233
2018-08-13,6.80,6.95,6.05,6.40,86554
2018-08-20,6.45,6.60,6.05,6.10,64814
2018-08-27,6.25,6.95,5.95,6.20,287876
2018-09-03,6.45,6.65,5.95,6.05,122022
2018-09-10,6.30,6.35,5.80,5.90,132666
2018-09-17,5.80,6.10,5.40,5.85,419808
2018-09-24,5.70,5.95,4.40,4.95,202642
2018-10-01,4.70,5.75,4.50,5.00,243863
2018-10-08,5.00,5.50,4.40,5.05,925048
2018-10-15,5.20,5.95,4.90,5.25,84440
2018-10-22,5.50,5.50,4.25,4.55,170179
2018-10-29,4.50,5.30,4.30,5.15,136587
2018-11-05,5.30,6.95,5.00,6.00,207933
2018-11-12,6.00,6.50,5.55,5.95,221477
2018-11-19,5.95,6.15,5.30,5.60,56444
2018-11-26,5.65,5.95,5.20,5.60,38712
2018-12-03,5.30,5.75,4.90,5.00,90652
2018-12-10,5.00,5.90,4.35,5.10,127494
2018-12-17,5.50,5.50,4.85,5.15,160742
2018-12-24,5.00,5.45,4.55,5.15,62807
2018-12-31,5.25,5.25,4.90,5.00,81628
2019-01-07,5.10,5.10,4.60,4.95,96757
2019-01-14,4.80,5.05,4.65,4.75,43166
2019-01-21,4.80,5.00,4.50,4.50,74708
2019-01-28,4.50,4.85,3.80,3.95,160149
2019-02-04,4.05,4.40,3.25,3.55,116488
2019-02-11,3.25,3.90,3.05,3.40,132827
2019-02-18,3.60,4.05,3.10,3.65,129523
2019-02-25,3.60,4.45,3.30,4.15,98098
2019-03-05,4.25,5.20,3.80,4.85,248391
2019-03-11,4.85,5.15,4.30,4.50,197145
2019-03-18,4.25,5.25,3.95,4.50,471837
2019-03-25,4.00,4.80,3.95,4.30,393048
2019-04-01,4.50,4.60,4.20,4.45,54341
2019-04-08,4.45,4.70,4.05,4.60,99280
2019-04-15,4.60,4.60,4.00,4.05,70581
2019-04-22,4.25,4.50,4.00,4.30,116284
2019-04-30,4.35,4.35,3.95,4.10,47427
2019-05-06,4.15,5.80,3.90,4.85,993509
2019-05-13,4.85,5.10,3.75,3.85,369134
2019-05-20,4.00,4.20,3.75,4.05,100711
2019-05-27,4.10,4.90,4.05,4.25,231332
2019-06-03,4.15,4.40,3.85,3.95,88274
2019-06-10,4.00,4.20,3.55,3.70,97762
2019-06-17,3.75,4.25,3.10,3.90,130387
2019-06-24,3.95,4.55,3.50,3.65,443583
2019-07-01,3.95,4.10,3.50,3.65,144654
2019-07-08,3.60,3.75,3.20,3.55,85818
2019-07-15,3.55,3.60,3.30,3.35,94285
2019-07-22,3.45,3.50,2.85,3.10,72206
2019-07-29,3.10,3.30,2.90,3.10,84493
2019-08-05,3.10,3.40,2.75,3.05,109985
2019-08-13,3.20,3.20,2.90,3.05,58192
2019-08-19,3.15,3.35,2.60,2.95,147479
2019-08-26,2.95,3.20,2.80,2.90,92928
2019-09-03,3.05,3.05,2.80,2.95,37833
2019-09-09,2.95,3.05,2.75,2.90,54285
2019-09-16,2.95,3.05,2.75,2.90,120266
2019-09-23,2.85,3.10,2.55,2.80,112351
2019-09-30,2.65,2.80,2.60,2.75,131580
2019-10-07,2.75,2.85,2.15,2.65,161308
2019-10-14,2.50,2.65,2.30,2.40,78429
2019-10-22,2.50,2.90,2.30,2.60,105495
2019-10-29,2.50,3.15,2.40,3.15,209107
2019-11-04,3.15,3.90,3.00,3.75,407115
2019-11-11,4.10,4.15,3.50,3.60,160890
2019-11-18,3.50,4.15,3.20,3.40,265186
2019-11-25,3.50,3.50,2.80,3.10,202567
2019-12-02,2.85,3.35,2.80,3.00,142755
2019-12-09,3.00,3.00,2.80,2.90,118963
2019-12-16,2.85,2.90,2.75,2.90,64667
2019-12-23,2.85,2.90,2.65,2.75,67992
2019-12-30,2.70,2.80,2.40,2.50,169340
2020-01-06,2.50,2.65,2.30,2.55,92856
2020-01-13,2.55,2.60,2.35,2.40,58210
2020-01-20,2.35,2.55,2.25,2.55,71082
2020-01-27,2.55,2.85,2.45,2.70,119851
2020-02-03,2.70,2.75,2.40,2.50,66218
2020-02-10,2.50,2.60,2.20,2.25,93104
2020-02-17,2.10,2.25,1.90,2.15,172210
2020-02-24,2.00,2.15,1.80,2.00,85813
2020-03-02,2.05,2.05,1.65,1.80,122232
2020-03-09,1.80,1.90,1.55,1.60,59968
2020-03-16,1.50,1.90,1.35,1.50,88421
2020-03-23,1.35,1.50,1.20,1.30,40583
2020-03-30,1.40,1.40,1.15,1.30,37736
2020-04-07,1.40,1.70,1.20,1.45,49902
2020-04-13,1.70,2.10,1.25,1.95,71783
2020-04-20,2.25,2.45,1.90,2.20,361678
2020-04-27,2.20,2.20,1.90,2.10,157713
2020-05-04,2.10,2.30,1.90,2.00,101783
2020-05-11,1.85,2.15,1.65,1.70,149104
2020-05-18,1.65,1.85,1.65,1.80,30440
2020-05-26,1.80,1.85,1.70,1.70,33666
2020-06-01,1.70,1.90,1.60,1.70,193808
2020-06-08,1.85,2.30,1.70,2.20,367745
2020-06-15,2.20,2.20,1.90,2.15,213995
2020-06-22,2.25,2.50,2.10,2.40,338900
2020-06-29,2.40,2.90,2.35,2.80,326646
2020-07-06,2.80,2.90,2.45,2.55,266503
2020-07-13,2.45,2.65,2.15,2.15,57463
2020-07-20,2.15,2.45,2.15,2.40,29894
2020-07-27,2.30,2.50,2.05,2.20,25594
2020-08-03,2.30,2.30,2.05,2.10,76132
2020-08-10,2.05,2.20,1.95,2.00,106088
2020-08-17,1.95,2.20,1.95,2.20,119990
2020-08-24,2.30,2.30,2.05,2.10,57770
2020-08-31,2.10,2.20,2.00,2.05,105106
2020-09-07,2.15,2.15,2.00,2.05,50729
2020-09-14,2.05,2.15,2.00,2.00,88091
2020-09-21,2.10,2.10,1.90,1.95,75396
2020-09-28,1.95,2.10,1.90,2.00,99298
2020-10-05,1.90,2.00,1.70,1.90,104381
2020-10-12,2.00,2.00,1.45,1.80,306886
2020-10-19,1.85,2.10,1.70,2.00,430633
2020-10-26,2.05,2.05,1.85,1.90,183524
2020-11-02,1.90,1.95,1.85,1.90,241085
2020-11-09,1.95,2.00,1.85,1.95,244569
2020-11-17,1.90,2.00,1.85,1.90,175630
2020-11-23,1.90,1.95,1.80,1.95,235406
2020-12-01,2.00,2.00,1.85,1.95,139996
2020-12-07,2.00,2.40,1.95,2.35,309912
2020-12-14,2.45,2.45,2.10,2.30,248836
2020-12-21,2.35,2.35,2.05,2.10,105600
2020-12-28,2.10,2.25,1.95,2.25,275829
2021-01-04,2.35,2.55,2.20,2.55,487958
2021-01-11,2.65,3.05,2.65,3.00,340946
2021-01-18,3.15,3.15,2.50,2.55,241256
2021-01-25,2.45,2.75,2.40,2.75,154029
2021-02-01,2.85,3.05,2.75,2.80,474504
2021-02-08,2.80,2.90,2.60,2.80,872939
2021-02-15,2.90,2.90,2.55,2.55,105920
2021-02-22,2.55,2.85,2.35,2.75,139997
2021-03-01,2.85,2.85,2.55,2.55,144411
2021-03-08,2.65,2.75,2.45,2.55,87779
2021-03-15,2.55,2.65,2.35,2.50,78411
2021-03-22,2.50,2.60,2.10,2.10,104775
2021-03-30,2.20,2.20,1.90,2.05,196007
2021-04-05,2.05,2.25,1.95,2.25,103854
2021-04-12,2.35,2.35,1.95,2.05,232572
2021-04-19,2.15,2.15,2.00,2.00,133846
2021-04-26,2.10,2.10,1.95,2.05,157103
2021-05-03,2.05,2.35,2.00,2.35,351871
2021-05-10,2.45,2.75,2.40,2.75,282622
2021-05-17,2.85,2.95,2.55,2.70,458435
2021-05-24,2.75,2.85,2.60,2.65,162976
2021-05-31,2.60,2.75,2.50,2.70,292515
2021-06-07,2.80,3.30,2.80,3.30,151568
2021-06-14,3.45,4.05,3.15,4.05,427078
2021-06-21,4.25,4.65,3.85,3.85,416763
2021-06-28,3.70,4.10,3.55,4.10,233718
2021-07-05,4.30,4.50,3.90,4.20,293313
2021-07-12,4.40,4.40,3.65,3.90,163928
2021-07-19,3.90,4.20,3.75,3.80,237787
2021-07-26,3.95,3.95,3.40,3.40,164804
2021-08-02,3.25,3.60,3.15,3.30,285600
2021-08-09,3.45,3.50,3.05,3.15,132711
2021-08-16,3.15,3.35,3.00,3.05,58556
2021-08-23,3.15,3.15,2.75,2.90,144654
2021-08-30,2.90,3.00,2.60,2.80,159624
2021-09-06,2.80,2.95,2.70,2.90,82707
2021-09-13,2.90,3.00,2.70,2.90,143990
2021-09-20,2.90,3.00,2.75,2.90,119156
2021-09-27,3.00,3.05,2.80,3.00,188875
2021-10-04,3.15,3.30,2.85,2.90,211645
2021-10-11,3.00,3.15,2.85,2.90,207628
2021-10-18,2.95,3.00,2.75,2.80,307395
2021-10-25,2.80,2.85,2.65,2.80,167980
2021-11-01,2.80,3.00,2.70,3.00,199179
2021-11-08,3.15,3.75,3.15,3.75,215633
2021-11-15,3.90,4.25,3.70,3.70,649923
2021-11-22,3.55,3.85,3.25,3.85,232872
2021-11-29,4.00,4.80,3.85,4.80,664441
2021-12-06,5.00,5.50,4.55,4.55,434175
2021-12-13,4.35,5.50,4.35,5.50,925342
2021-12-20,5.75,5.75,4.70,5.35,486563
2021-12-27,5.60,6.65,5.15,6.65,652885
2022-01-03,6.95,7.25,6.05,6.90,804371
2022-01-10,7.20,7.75,6.50,6.50,986254
2022-01-17,6.20,6.40,5.40,6.15,382256
2022-01-24,6.45,6.45,5.30,5.35,284704
2022-01-31,5.50,5.60,4.75,4.90,447892
2022-02-07,5.05,5.60,4.80,4.90,337678
2022-02-14,5.10,5.10,4.40,4.60,169609
2022-02-21,4.40,4.70,3.80,3.80,176879
2022-02-28,3.85,4.50,3.65,4.50,84951
2022-03-07,4.70,4.75,3.95,4.65,194649
2022-03-14,4.60,5.05,4.45,4.70,263564
2022-03-21,4.80,4.80,4.00,4.15,159642
2022-03-28,4.25,4.30,3.80,4.05,188597
2022-04-04,4.20,4.40,3.85,4.30,758310
2022-04-11,4.40,5.10,4.35,4.70,544079
2022-04-18,4.25,5.00,4.25,4.40,450208
2022-04-25,4.05,4.70,3.95,4.10,816248
2022-05-02,4.10,4.80,3.95,4.10,601205
2022-05-09,4.20,4.60,3.85,4.15,538320
2022-05-16,4.40,4.70,3.90,4.15,759464
2022-05-23,3.90,4.45,3.65,3.95,441517
2022-05-30,4.05,4.15,3.60,3.95,527238
2022-06-06,4.05,4.10,3.60,3.85,347112
2022-06-13,3.55,3.90,3.20,3.40,311043
2022-06-20,3.00,3.60,2.80,3.35,221180
2022-06-27,3.55,3.95,3.40,3.70,771089
2022-07-04,3.85,3.90,3.40,3.60,203828
2022-07-11,3.85,3.85,3.40,3.60,145398
2022-07-18,3.50,3.75,3.40,3.55,169922
2022-07-25,3.60,3.70,3.30,3.50,206921
2022-08-01,3.40,4.00,3.40,3.75,372510
2022-08-08,3.80,4.00,3.55,3.65,370455
2022-08-16,3.70,3.80,3.45,3.55,306942
2022-08-22,3.50,3.65,3.35,3.55,164285
2022-08-29,3.60,3.75,3.40,3.70,217841
2022-09-05,3.90,5.90,3.60,5.55,7508939
2022-09-12,5.55,5.70,4.85,4.90,1175692
2022-09-19,5.00,5.55,4.45,4.90,1239318
2022-09-26,4.75,4.85,4.50,4.55,280672
2022-10-03,4.40,4.70,4.30,4.50,256881
2022-10-10,4.55,4.55,3.90,4.20,331124
2022-10-17,4.35,4.40,3.85,3.90,297579
2022-10-24,4.00,4.30,3.85,4.00,153241
2022-10-31,4.00,4.20,3.85,3.95,224001
2022-11-07,3.95,4.20,3.80,4.20,356660
2022-11-14,4.20,4.40,3.95,4.20,368808
2022-11-21,4.30,4.30,3.80,3.85,234359
2022-11-28,3.85,4.50,3.85,4.20,324937
2022-12-05,4.20,4.45,3.95,4.25,548140
2022-12-12,4.20,4.45,4.10,4.20,721145
2022-12-19,4.25,4.40,3.80,3.80,467800
2022-12-26,3.70,4.20,3.65,3.95,445254
2023-01-02,4.00,4.15,3.80,3.80,341935
2023-01-09,3.95,4.00,3.65,3.85,291940
2023-01-16,4.00,4.00,3.70,3.75,461871
2023-01-23,3.80,3.85,3.55,3.55,317849
2023-01-30,3.55,3.65,3.30,3.45,358892
2023-02-06,3.45,3.70,3.40,3.45,172343
2023-02-13,3.50,3.50,3.15,3.25,209640
2023-02-20,3.20,3.30,2.85,2.95,168991
2023-02-27,2.95,3.25,2.60,2.90,485409
2023-03-06,3.05,3.10,2.80,3.00,136757
2023-03-13,3.00,3.05,2.70,2.85,170515
2023-03-20,2.85,2.95,2.60,2.65,428159
2023-03-27,2.65,2.75,2.25,2.45,196243
2023-04-03,2.45,3.15,2.40,3.15,233307
2023-04-10,3.20,3.25,2.90,2.95,349789
2023-04-17,2.95,3.05,2.75,2.80,294487
2023-04-24,2.85,2.95,2.75,2.95,207287
2023-05-02,3.05,3.05,2.75,2.85,351410
2023-05-08,2.85,2.90,2.65,2.70,452175
2023-05-15,2.70,2.80,2.65,2.65,193917
2023-05-22,2.75,2.85,2.60,2.75,230208
2023-05-29,2.75,2.80,2.65,2.70,147382
2023-06-05,2.80,3.25,2.65,3.05,567303
2023-06-12,3.15,3.35,2.90,3.00,766438
2023-06-19,3.10,3.15,2.90,2.90,137979
2023-06-26,2.90,3.10,2.80,3.05,559716
2023-07-03,3.15,3.35,2.90,3.00,746016
2023-07-10,3.15,3.15,2.65,2.95,698587
2023-07-17,2.90,3.05,2.90,3.00,254190
2023-07-24,3.00,3.25,2.95,3.20,649546
2023-07-31,3.20,3.40,3.10,3.20,689906
2023-08-07,3.25,4.95,3.10,3.60,4822064
2023-08-14,3.45,3.70,3.15,3.20,398325
2023-08-21,3.35,3.35,3.05,3.15,179429
2023-08-28,3.20,3.25,3.10,3.25,134911
2023-09-04,3.25,3.25,3.10,3.25,307365
2023-09-11,3.35,3.50,3.10,3.20,363693
2023-09-18,3.15,3.25,3.15,3.20,143352
2023-09-25,3.25,3.25,3.10,3.15,143709
2023-10-03,3.15,3.25,3.05,3.15,160446
2023-10-09,3.15,3.20,2.90,3.05,213425
2023-10-16,3.10,3.40,2.95,3.40,388408
2023-10-23,3.40,3.40,3.00,3.15,80418
2023-10-30,3.30,3.30,3.05,3.25,67953
2023-11-06,3.30,3.50,3.10,3.45,328255
2023-11-13,3.45,3.65,3.20,3.65,328305
2023-11-20,3.85,4.70,3.50,4.40,2927628
2023-11-28,4.55,4.90,3.75,3.75,1941547
2023-12-04,3.75,3.90,3.60,3.80,290687
2023-12-11,3.90,4.20,3.70,3.95,470275
2023-12-18,3.90,4.05,3.75,3.95,238812
2023-12-26,3.85,4.05,3.80,3.95,318477
2024-01-01,3.85,4.05,3.80,4.05,542178
2024-01-08,4.15,4.65,3.90,4.45,1203494
2024-01-15,4.50,4.65,4.10,4.60,594496
2024-01-23,4.65,4.70,4.10,4.15,369500
2024-01-29,4.15,4.45,3.95,4.40,812125
2024-02-05,4.50,5.90,4.25,5.90,6679487
2024-02-12,6.10,6.10,4.70,4.70,2996380
2024-02-19,4.60,5.75,4.55,5.30,1708973
2024-02-26,5.25,6.45,5.10,6.10,4082335
2024-03-04,6.15,6.20,5.15,5.45,625969
2024-03-11,5.65,5.70,4.95,5.10,760571
2024-03-18,5.10,5.35,4.50,5.35,392760
2024-03-26,5.35,5.80,5.05,5.10,497571
2024-04-01,5.15,6.30,5.10,6.25,655038
2024-04-08,6.00,6.40,5.65,5.65,339674
2024-04-15,5.55,5.55,5.25,5.25,53386
2024-04-22,5.15,5.20,5.00,5.15,158397
2024-04-29,5.10,5.25,5.10,5.25,98045
2024-05-06,5.35,5.55,5.30,5.30,179135
2024-05-13,5.30,5.65,5.15,5.30,372086
2024-05-21,5.30,5.55,5.05,5.25,293590
2024-05-27,5.30,5.35,4.90,5.10,205139
2024-06-03,5.25,5.35,4.50,4.80,420944
2024-06-10,5.04,5.17,4.59,4.90,515004
2024-06-18,4.90,5.12,4.85,4.94,340261
2024-06-24,4.99,5.00,4.59,4.69,592966
2024-07-01,4.76,4.95,4.41,4.95,816494
2024-07-08,4.94,5.67,4.94,5.16,1190378
2024-07-15,5.35,5.40,4.75,4.83,672770
2024-07-22,4.85,5.35,4.65,5.18,991172
2024-07-29,5.32,5.48,5.08,5.38,635275
2024-08-05,5.37,5.83,5.12,5.40,1030606
2024-08-12,5.32,5.74,4.91,5.12,509820
2024-08-19,5.01,5.64,4.96,5.32,780693
2024-08-26,5.40,6.85,5.15,5.91,3886303
2024-09-02,6.13,6.35,5.60,5.90,1790042
2024-09-09,6.00,6.16,5.36,5.84,782766
2024-09-16,5.97,6.40,5.82,5.97,1049139
2024-09-23,6.10,6.50,5.91,6.30,1564912
2024-09-30,6.43,6.43,5.83,5.95,776440
2024-10-07,6.18,6.96,5.41,5.85,7141472
2024-10-14,5.86,6.25,4.86,5.89,2122486
2024-10-21,6.04,6.07,5.05,5.31,1317884
2024-10-28,5.70,7.15,5.11,5.89,8370252
2024-11-04,5.85,6.00,5.50,5.71,1669360
2024-11-11,5.61,5.93,5.16,5.69,507584
2024-11-18,5.92,5.92,5.37,5.53,379630
2024-11-25,5.64,6.04,5.48,5.69,694595
2024-12-02,5.68,7.20,5.61,6.56,11629259
2024-12-09,6.78,6.99,6.05,6.60,2199162
2024-12-16,6.63,9.35,6.21,8.79,19230234
2024-12-23,9.34,9.45,7.96,8.20,2799687
2024-12-30,8.29,8.77,7.41,8.70,976587
2025-01-06,8.88,9.12,7.47,7.59,785364
2025-01-13,7.25,7.95,6.86,7.65,354743
2025-01-20,7.35,8.13,7.23,7.71,522136
2025-01-27,7.75,7.89,6.95,7.59,425354
2025-02-03,7.31,7.96,7.21,7.35,360885
2025-02-10,7.28,7.58,6.44,6.99,269509
2025-02-17,7.13,7.41,6.09,7.25,475295
2025-02-24,7.10,7.70,6.93,6.97,141194
2025-03-03,6.83,6.83,6.28,6.41,50671
2025-03-10,6.29,6.29,5.89,5.89,33351
2025-03-17,5.85,5.87,5.68,5.80,165592
2025-03-24,5.80,5.80,5.30,5.30,143331
2025-04-01,5.28,5.61,5.28,5.50,67850
2025-04-07,5.22,5.68,5.00,5.22,274875
2025-04-15,5.46,5.86,5.33,5.86,82820
2025-04-21,6.76,8.55,6.10,7.27,3087436
2025-04-28,7.30,8.14,6.65,6.80,402389
2025-05-05,6.70,7.13,6.10,6.15,376234
2025-05-12,6.24,7.43,6.00,7.29,366935
2025-05-19,7.50,7.50,6.85,7.07,183695
2025-05-26,6.91,7.42,6.86,7.24,224020
2025-06-02,7.24,7.45,6.80,7.09,460965
2025-06-09,7.09,7.23,6.86,7.12,311838
2025-06-16,6.85,7.30,6.85,7.09,354069
2025-06-23,7.08,7.28,6.85,7.09,197064
2025-06-30,7.09,7.20,6.95,7.03,322455
2025-07-07,7.17,7.50,6.85,7.09,645032
2025-07-14,7.01,7.20,6.97,6.99,423557
2025-07-21,6.94,7.75,6.71,7.38,1964240
2025-07-28,7.25,7.38,6.80,6.85,444898
2025-08-04,6.99,7.09,6.60,6.67,228922
2025-08-11,6.79,6.89,6.25,6.55,179695
2025-08-18,6.49,7.22,6.45,6.66,321532
2025-08-25,6.70,7.19,6.30,6.56,179682
2025-09-01,6.57,7.00,6.50,6.52,194042
2025-09-08,6.50,6.82,6.50,6.54,187774
2025-09-15,6.68,6.73,6.17,6.38,422371
2025-09-22,6.37,6.59,6.00,6.06,330783
2025-09-29,6.19,6.49,6.05,6.45,162561
2025-10-06,6.39,7.85,6.35,7.49,1504460
2025-10-13,7.46,7.99,6.40,7.12,3006869
2025-10-20,7.38,8.83,7.02,8.26,3697707
2025-10-27,8.26,9.80,7.90,9.30,2813249
2025-11-03,9.70,9.88,8.36,9.22,904464
2025-11-10,9.22,9.63,8.37,8.88,593934
2025-11-17,9.09,11.45,8.61,10.99,7853632
2025-11-24,11.00,11.53,9.15,9.85,1039329
2025-12-01,10.02,10.49,9.48,9.97,596595
2025-12-08,9.96,10.45,9.51,9.97,322843
2025-12-15,10.19,10.28,9.30,9.51,727360
2025-12-22,9.10,9.60,8.97,9.14,319176
2025-12-29,8.71,9.49,8.60,8.90,317866
2026-01-05,8.65,9.00,8.30,8.43,489912
2026-01-12,8.20,8.90,8.20,8.34,105188
2026-01-19,8.20,8.55,7.66,7.85,109009
2026-01-27,8.00,8.38,7.70,8.14,148228
2026-02-02,8.29,8.39,7.70,7.74,335555
2026-02-09,7.98,8.13,7.30,7.50,123790
2026-02-16,7.50,8.43,7.30,8.10,161280
2026-02-23,7.94,8.00,7.02,7.51,133893
2026-03-02,7.49,7.49,6.79,7.03,103331
2026-03-09,7.00,7.00,6.20,6.21,142375
2026-03-16,5.90,6.20,5.50,5.71,125842
2026-03-23,5.99,5.99,5.16,5.33,114117
2026-03-30,5.56,5.74,5.07,5.68,142893
2026-04-06,5.95,7.51,5.40,7.51,399458
2026-04-13,7.51,7.78,6.83,7.26,222264
2026-04-20,7.19,7.46,6.81,7.05,85746
2026-04-27,6.75,7.30,6.45,6.89,91650
2026-05-04,6.63,7.43,6.58,7.18,189212
2026-05-11,7.18,7.18,6.52,6.88,215669
2026-05-18,7.00,7.20,6.57,7.14,535120
2026-05-25,7.14,7.49,6.85,6.89,302609
2026-06-01,6.91,6.94,6.49,6.55,243069
2026-06-08,6.38,6.65,6.00,6.32,152378
2026-06-15,6.25,7.30,6.19,6.63,693628
2026-06-22,6.50,6.80,6.40,6.51,337487
2026-06-29,6.50,6.63,5.85,6.45,199201
2026-07-06,6.45,6.87,6.11,6.34,140952
2026-07-13,6.40,6.74,5.63,6.11,222603
2026-07-20,6.11,6.38,6.00,6.11,93866
2026-07-27,6.25,6.64,5.93,6.36,136423
2026-08-03,6.55,6.99,6.39,6.47,265686
2026-08-10,6.40,7.06,6.15,6.50,128009
2026-08-17,6.56,6.74,6.12,6.18,196888
2026-08-24,6.01,6.90,5.80,6.10,190468
2026-08-31,6.47,6.47,5.70,5.94,123263
2026-09-07,6.10,6.40,5.51,5.96,152677
2026-09-15,6.00,6.14,5.63,6.09,90459
