Date,Open,High,Low,Close,Volume
2003-05-05,3.57,3.75,3.57,3.64,386835
2003-05-12,3.78,4.39,3.78,4.34,1213255
2003-05-19,4.50,4.76,4.26,4.54,1213651
2003-05-26,4.76,4.76,4.18,4.41,860249
2003-06-02,4.45,4.50,4.06,4.19,582213
2003-06-09,4.40,4.75,4.03,4.15,398761
2003-06-16,4.24,4.74,4.15,4.71,1617106
2003-06-23,4.76,4.85,4.32,4.38,1692484
2003-06-30,4.45,4.66,4.16,4.55,996449
2003-07-07,4.48,4.68,4.18,4.39,933564
2003-07-14,4.49,4.67,4.34,4.37,544031
2003-07-21,4.40,4.57,4.06,4.31,345455
2003-07-28,4.32,4.75,4.26,4.40,1116109
2003-08-04,4.41,4.62,4.38,4.53,584016
2003-08-11,4.59,4.67,4.41,4.49,694675
2003-08-18,4.50,4.64,4.32,4.38,515882
2003-08-25,4.41,4.49,4.15,4.38,484717
2003-09-01,4.64,5.15,4.50,4.73,2622443
2003-09-08,5.27,5.27,4.66,4.76,1316964
2003-09-15,4.69,4.82,4.50,4.78,1686022
2003-09-22,4.91,4.93,4.19,4.21,1954966
2003-09-29,4.30,4.85,4.06,4.23,613299
2003-10-06,4.36,4.36,4.10,4.15,724366
2003-10-13,4.19,4.23,4.08,4.14,467621
2003-10-20,4.30,4.30,3.93,3.96,369274
2003-10-27,4.01,4.05,3.63,3.79,755077
2003-11-03,3.75,3.86,3.49,3.78,737086
2003-11-10,3.79,4.16,3.79,4.00,585796
2003-11-17,4.05,4.76,4.05,4.36,3902778
2003-11-24,4.42,5.46,4.42,4.58,2032192
2003-12-01,4.68,6.70,4.68,6.21,7288574
2003-12-08,6.27,6.64,5.51,5.79,2729905
2003-12-15,5.87,6.43,5.87,6.23,2575373
2003-12-22,6.40,6.66,6.09,6.22,1672713
2003-12-29,6.26,6.62,5.83,6.37,2104634
2004-01-05,6.35,6.53,5.69,6.14,1433234
2004-01-12,6.05,6.17,5.65,5.67,749817
2004-01-19,5.65,5.65,4.52,5.03,605919
2004-01-27,5.04,5.40,4.68,4.73,208745
2004-02-03,4.61,4.68,3.86,4.34,605851
2004-02-09,4.40,4.59,4.36,4.46,351112
2004-02-16,4.45,4.67,4.23,4.31,413918
2004-02-23,4.38,4.38,4.06,4.13,241100
2004-03-01,4.08,4.37,4.07,4.26,566206
2004-03-08,4.15,4.45,3.93,4.27,227246
2004-03-15,4.20,4.28,4.11,4.22,636641
2004-03-22,4.16,4.34,3.99,4.22,600806
2004-03-29,4.15,5.29,4.15,4.70,139409
2004-04-05,4.81,5.16,4.41,4.80,231180
2004-04-12,4.78,4.86,4.41,4.57,322975
2004-04-19,5.12,5.12,4.51,4.76,448269
2004-04-26,4.47,4.92,4.46,4.66,298782
2004-05-03,4.61,5.29,4.59,5.06,939595
2004-05-10,4.99,5.53,4.78,4.99,1406389
2004-05-17,4.77,5.20,4.28,4.93,936024
2004-05-24,4.90,5.29,4.76,4.79,927816
2004-05-31,4.76,5.07,4.59,4.73,427239
2004-06-07,4.77,4.96,4.71,4.75,600330
2004-06-14,4.67,4.87,4.61,4.85,264318
2004-06-21,4.95,4.95,4.57,4.65,629012
2004-06-28,4.65,5.12,4.65,5.10,979138
2004-07-05,5.17,5.20,4.45,4.76,1056704
2004-07-12,4.94,5.29,4.79,5.03,1191227
2004-07-19,5.16,5.17,4.77,4.80,647332
2004-07-26,4.85,4.97,4.72,4.79,369138
2004-08-02,4.80,5.03,4.65,4.86,433735
2004-08-09,4.94,5.16,4.85,5.01,815797
2004-08-16,5.03,5.64,4.85,5.33,2632941
2004-08-23,5.33,6.00,5.12,5.48,2116889
2004-08-30,5.55,5.95,5.42,5.60,1500495
2004-09-06,5.73,5.82,5.61,5.67,742017
2004-09-13,5.40,5.76,5.40,5.46,345966
2004-09-20,5.45,5.65,5.38,5.50,366224
2004-09-27,5.54,5.69,5.50,5.61,321149
2004-10-04,5.67,6.17,5.60,6.03,1307497
2004-10-11,5.97,6.34,5.70,6.04,1496550
2004-10-18,6.09,6.26,5.79,5.84,390905
2004-10-25,5.83,6.16,5.43,5.51,435753
2004-11-01,5.39,5.70,5.39,5.65,665494
2004-11-08,5.65,6.03,5.51,5.97,522264
2004-11-16,5.95,6.16,5.65,5.98,614444
2004-11-22,5.93,7.48,5.91,7.07,2734780
2004-11-29,7.22,7.36,6.40,6.45,960954
2004-12-06,6.44,6.87,6.09,6.71,563202
2004-12-13,6.75,6.94,6.53,6.55,639430
2004-12-20,6.87,7.39,6.60,7.25,1328981
2004-12-27,7.17,7.75,7.15,7.25,893919
2005-01-03,7.67,7.94,6.35,6.75,518104
2005-01-10,6.71,7.04,6.17,6.40,503014
2005-01-17,5.51,6.55,5.51,6.35,241134
2005-01-24,6.11,6.70,6.07,6.62,295914
2005-01-31,6.62,6.84,6.00,6.25,715455
2005-02-07,6.35,6.44,6.11,6.33,555572
2005-02-14,6.02,6.39,5.86,6.06,631699
2005-02-21,6.09,6.32,5.82,6.17,535869
2005-02-28,6.33,6.52,6.00,6.15,674699
2005-03-07,6.17,7.28,6.00,6.31,4335617
2005-03-14,6.58,6.59,5.91,6.04,894293
2005-03-21,6.62,6.62,5.62,5.72,192930
2005-03-28,5.67,6.00,5.51,5.95,257992
2005-04-04,6.30,6.69,5.87,6.21,749602
2005-04-11,6.09,6.21,6.03,6.06,215592
2005-04-18,6.00,6.40,5.87,6.33,354105
2005-04-25,6.34,6.94,6.28,6.35,975386
2005-05-02,6.27,6.62,6.18,6.41,376167
2005-05-09,6.61,7.13,6.44,6.90,1063597
2005-05-16,7.05,7.62,6.85,7.21,2186701
2005-05-23,7.34,8.80,7.06,7.76,8981569
2005-05-30,7.83,8.24,7.72,7.84,1993057
2005-06-06,8.03,8.04,7.67,7.74,1088073
2005-06-13,7.81,9.80,7.64,8.88,13744108
2005-06-20,8.98,9.13,8.24,8.38,3214214
2005-06-27,8.47,8.64,7.61,8.27,1435422
2005-07-04,8.29,8.80,7.71,8.47,2430681
2005-07-11,8.70,8.70,8.08,8.23,1712449
2005-07-18,8.81,9.26,8.23,8.82,4432933
2005-07-25,9.17,9.37,8.64,8.98,4260715
2005-08-01,8.92,9.21,8.38,8.54,4980183
2005-08-08,8.51,9.49,8.34,9.06,9020431
2005-08-16,9.35,9.35,8.75,8.86,1399995
2005-08-22,9.00,9.00,8.34,8.55,1387161
2005-08-29,8.55,9.59,8.38,9.04,4719731
2005-09-05,9.13,9.21,8.91,9.00,1590963
2005-09-12,8.92,10.05,8.92,9.84,8317877
2005-09-19,9.79,11.24,8.64,9.08,16729046
2005-09-26,9.26,10.58,9.26,10.19,4417435
2005-10-03,10.41,10.58,9.81,10.21,1543326
2005-10-10,10.06,10.31,9.35,9.45,557590
2005-10-17,9.53,9.53,7.79,8.15,1164552
2005-10-24,8.12,9.00,8.12,8.27,517752
2005-10-31,8.13,8.55,7.94,8.45,248605
2005-11-07,8.60,9.65,8.49,9.40,1721087
2005-11-14,9.69,10.01,8.91,8.97,1053825
2005-11-21,9.04,9.70,8.82,9.21,1665514
2005-11-28,9.18,9.53,8.91,8.98,860203
2005-12-05,9.13,10.58,9.05,9.84,4074757
2005-12-12,9.91,10.98,9.20,9.43,1268499
2005-12-19,9.35,9.66,8.94,9.19,607177
2005-12-26,9.43,9.52,8.93,9.24,635882
2006-01-02,8.86,9.99,8.86,9.43,999193
2006-01-09,9.44,10.13,9.09,9.60,1204559
2006-01-16,9.70,9.86,9.22,9.53,1134067
2006-01-23,9.60,10.03,9.17,9.42,972506
2006-01-30,9.42,9.61,8.64,8.67,739625
2006-02-06,8.75,9.09,8.38,8.82,503491
2006-02-13,8.90,9.52,8.73,8.80,865906
2006-02-20,8.83,9.23,8.69,8.94,418102
2006-02-27,8.74,9.35,8.73,8.78,531901
2006-03-06,8.78,9.07,8.39,8.41,1269769
2006-03-13,8.49,8.68,8.12,8.17,453144
2006-03-20,8.20,8.29,7.68,8.00,961838
2006-03-27,8.12,8.28,7.94,8.15,495952
2006-04-03,8.29,9.21,8.26,8.71,870509
2006-04-10,9.08,9.16,8.34,8.48,347779
2006-04-17,8.47,8.84,8.39,8.71,475103
2006-04-24,8.69,8.69,8.04,8.33,343925
2006-05-02,8.65,9.97,8.51,9.07,1107822
2006-05-08,9.17,9.69,9.00,9.37,1534665
2006-05-15,9.26,9.44,8.20,8.20,1075592
2006-05-22,8.03,8.64,7.50,8.19,536220
2006-05-29,8.40,8.55,7.41,7.77,340558
2006-06-05,7.85,7.85,6.17,6.77,498820
2006-06-12,6.44,7.27,6.31,7.09,337372
2006-06-19,7.14,7.85,6.88,7.58,222202
2006-06-26,7.68,7.82,7.07,7.51,263377
2006-07-03,7.70,7.94,7.26,7.71,323156
2006-07-10,7.83,7.85,6.97,6.97,362087
2006-07-17,6.97,7.05,6.20,6.35,199505
2006-07-24,6.35,7.50,5.85,7.22,692045
2006-07-31,7.48,7.48,6.55,6.97,234275
2006-08-07,6.92,7.14,6.61,7.07,610057
2006-08-14,7.11,7.48,7.01,7.08,340660
2006-08-21,7.06,7.41,6.97,7.24,146664
2006-08-28,7.24,7.74,7.21,7.31,694584
2006-09-04,7.58,8.36,7.34,8.12,2808650
2006-09-11,8.07,8.24,7.15,7.65,575128
2006-09-18,7.76,8.25,7.54,7.72,229582
2006-09-25,7.85,7.85,7.54,7.68,271664
2006-10-03,7.82,8.03,7.67,7.92,203088
2006-10-09,7.94,8.64,7.94,8.04,964219
2006-10-16,8.12,8.20,7.82,8.00,272322
2006-10-23,8.08,8.42,7.83,8.33,407026
2006-10-30,8.38,9.31,7.85,8.57,1615666
2006-11-06,8.73,8.82,8.40,8.55,469571
2006-11-13,8.64,8.98,8.29,8.31,516040
2006-11-20,7.96,8.73,7.96,8.41,534848
2006-11-27,8.40,8.65,8.27,8.55,402491
2006-12-04,8.56,10.00,8.56,9.41,2688990
2006-12-11,9.53,10.71,9.03,10.10,5988162
2006-12-18,8.71,10.67,8.71,10.34,1089683
2006-12-26,10.31,10.53,9.51,9.99,646539
2007-01-02,9.84,10.57,9.71,10.19,436671
2007-01-08,10.41,10.71,9.76,10.53,632844
2007-01-15,10.42,10.98,10.06,10.55,865781
2007-01-22,10.16,11.64,9.97,10.97,929709
2007-01-29,11.47,11.47,10.16,10.95,547013
2007-02-05,11.03,11.11,9.88,10.08,333155
2007-02-12,9.88,10.10,8.73,10.00,244989
2007-02-19,10.19,10.50,9.26,9.55,692895
2007-02-26,9.55,10.93,8.38,9.41,381869
2007-03-05,9.26,10.14,8.38,8.65,317272
2007-03-12,8.49,9.97,8.49,9.02,302137
2007-03-19,8.95,9.70,8.59,8.74,177228
2007-03-26,8.68,8.73,7.97,8.60,246009
2007-04-02,7.86,9.35,7.86,8.70,71875
2007-04-09,8.77,9.00,8.47,8.74,154294
2007-04-16,8.70,8.99,8.58,8.74,102768
2007-04-23,8.69,9.70,8.69,9.02,407094
2007-04-30,8.89,9.50,8.89,9.40,100433
2007-05-07,9.40,9.61,9.06,9.17,219367
2007-05-14,9.30,9.44,8.86,8.95,175381
2007-05-21,10.58,10.58,7.16,8.86,175018
2007-05-28,8.91,9.19,8.56,8.78,230568
2007-06-04,9.26,10.67,7.98,8.29,367857
2007-06-11,8.03,8.49,7.14,7.82,133332
2007-06-18,8.10,8.19,7.52,7.76,280382
2007-06-25,8.07,8.07,7.50,7.63,133706
2007-07-02,7.67,8.12,7.54,7.77,122664
2007-07-09,7.72,7.98,7.50,7.81,249161
2007-07-16,7.89,7.89,7.24,7.67,93846
2007-07-23,8.12,8.12,6.88,7.52,304382
2007-07-30,8.36,8.36,7.06,7.40,257686
2007-08-06,7.67,7.67,7.14,7.16,159554
2007-08-13,7.41,7.59,6.17,6.96,226510
2007-08-20,7.06,7.94,6.64,7.10,204346
2007-08-27,7.08,7.48,6.98,7.32,136030
2007-09-03,7.40,8.82,7.06,7.51,252970
2007-09-10,7.81,7.94,6.70,7.65,216590
2007-09-17,7.59,7.85,7.29,7.43,137912
2007-09-24,7.52,8.78,7.06,7.41,280688
2007-10-01,7.54,8.12,7.14,7.43,332441
2007-10-08,6.80,8.64,6.63,7.16,202929
2007-10-15,7.06,8.38,6.46,6.87,148501
2007-10-22,6.65,7.22,6.18,7.03,77317
2007-10-29,6.37,8.64,5.73,6.85,1519088
2007-11-05,7.19,7.41,6.26,6.85,84437
2007-11-12,6.68,7.50,6.17,6.97,1438789
2007-11-19,7.23,7.50,6.62,6.77,1653565
2007-11-26,6.95,7.33,6.82,6.99,249739
2007-12-03,6.94,7.63,6.71,7.26,971429
2007-12-10,7.37,8.40,7.19,7.93,2536488
2007-12-17,8.73,8.73,6.71,7.72,1022490
2007-12-24,7.78,8.20,7.70,8.15,524124
2007-12-31,8.21,9.09,7.50,8.50,1400833
2008-01-07,8.50,8.71,7.14,7.41,401811
2008-01-14,7.41,7.53,6.88,7.03,321070
2008-01-21,6.83,6.97,5.38,6.08,349174
2008-01-28,5.50,6.75,5.50,6.13,53725
2008-02-04,6.29,6.44,5.87,6.07,69506
2008-02-11,6.23,6.33,5.17,6.04,175460
2008-02-18,6.49,6.49,5.80,6.01,149657
2008-02-25,6.02,6.59,5.84,6.10,68701
2008-03-03,5.35,6.24,5.35,5.65,112325
2008-03-10,5.33,6.17,5.33,5.53,126632
2008-03-17,5.12,5.65,4.97,5.05,737664
2008-03-24,5.03,5.07,4.41,5.05,565424
2008-03-31,4.76,5.20,4.76,5.04,186967
2008-04-07,5.50,5.51,4.95,5.22,40280
2008-04-15,5.46,5.80,5.08,5.56,40665
2008-04-21,5.85,6.13,5.41,5.80,182013
2008-04-28,5.83,5.83,5.39,5.57,40064
2008-05-05,5.72,6.68,5.33,5.53,113141
2008-05-12,5.97,5.97,5.29,5.59,29623
2008-05-20,5.59,5.81,5.31,5.56,120352
2008-05-26,5.45,5.97,5.13,5.29,77340
2008-06-02,5.78,5.78,4.94,5.07,75129
2008-06-09,4.94,5.73,4.63,5.12,98483
2008-06-16,4.94,5.53,4.75,4.78,89584
2008-06-23,4.68,4.85,4.08,4.25,75424
2008-06-30,4.28,4.59,3.98,4.47,56843
2008-07-07,4.41,4.67,4.15,4.38,78496
2008-07-14,4.32,4.49,4.15,4.30,41459
2008-07-21,4.28,4.65,4.23,4.50,31222
2008-07-28,4.76,4.90,4.38,4.59,69925
2008-08-04,4.55,5.29,4.42,4.72,93823
2008-08-11,4.90,6.00,4.76,4.93,139896
2008-08-18,4.90,5.16,4.61,4.70,32129
2008-08-25,4.71,4.76,4.33,4.50,56537
2008-09-01,4.59,4.72,4.42,4.46,13207
2008-09-08,4.54,4.75,4.46,4.46,15611
2008-09-15,4.42,4.85,3.99,4.22,153909
2008-09-22,4.14,4.38,3.97,3.98,80571
2008-09-29,4.15,4.15,3.66,3.78,189495
2008-10-06,3.88,3.88,2.97,3.63,134001
2008-10-13,3.24,3.70,2.56,2.72,193689
2008-10-20,2.73,3.00,2.21,2.29,276267
2008-10-27,2.22,2.63,1.85,2.45,206285
2008-11-03,2.56,2.95,2.29,2.36,127278
2008-11-10,2.59,2.73,2.31,2.36,36516
2008-11-17,2.31,2.77,2.20,2.54,42830
2008-11-24,2.56,2.56,2.30,2.38,65119
2008-12-01,2.29,2.73,2.21,2.36,147911
2008-12-08,2.36,2.47,2.21,2.43,205843
2008-12-15,2.47,2.64,2.32,2.47,95048
2008-12-22,2.60,2.64,2.35,2.44,63758
2008-12-29,2.35,2.65,2.35,2.64,24329
2009-01-05,2.71,2.77,2.31,2.37,34725
2009-01-12,2.63,2.69,2.34,2.51,77861
2009-01-19,2.39,2.62,2.30,2.38,111520
2009-01-27,2.36,2.62,2.25,2.52,32741
2009-02-02,2.47,2.69,2.32,2.49,30632
2009-02-09,2.38,2.73,2.21,2.51,221465
2009-02-16,2.49,2.65,2.21,2.45,190096
2009-02-24,2.22,2.47,2.22,2.40,80695
2009-03-02,2.29,2.59,2.22,2.34,99979
2009-03-09,2.31,2.61,2.26,2.26,13672
2009-03-16,2.23,2.73,2.23,2.43,199245
2009-03-23,2.43,2.65,2.39,2.60,109264
2009-03-30,2.60,2.98,2.54,2.76,234695
2009-04-06,2.78,2.99,2.67,2.89,17413
2009-04-13,2.87,3.16,2.65,2.77,136189
2009-04-20,2.98,3.16,2.66,2.93,50721
2009-04-27,2.79,3.07,2.79,2.82,7210
2009-05-04,2.91,3.07,2.60,2.86,74018
2009-05-11,2.82,2.99,2.78,2.83,6655
2009-05-18,2.95,3.53,2.88,3.25,223369
2009-05-25,3.78,4.10,3.40,3.97,492879
2009-06-01,3.98,4.58,3.54,4.27,512605
2009-06-08,4.28,4.32,3.98,4.23,142696
2009-08-17,4.23,4.23,3.37,3.44,340
2009-08-24,3.61,3.74,3.28,3.62,73463
2009-08-31,3.59,3.75,3.40,3.61,69302
2009-09-07,3.55,3.88,3.53,3.57,169236
2009-09-14,3.62,3.94,3.54,3.72,245465
2009-09-22,3.86,3.93,3.40,3.71,131995
2009-09-29,3.76,3.92,3.73,3.84,110353
2009-10-05,3.82,3.82,3.42,3.69,174780
2009-10-12,3.67,3.74,3.42,3.58,87293
2009-10-20,3.66,3.68,3.44,3.56,50562
2009-10-26,3.26,3.70,3.26,3.44,49156
2009-11-03,3.52,3.53,3.12,3.30,45143
2009-11-09,3.31,3.83,3.18,3.52,84017
2009-11-16,3.61,3.97,3.43,3.63,259840
2009-11-23,3.62,4.09,3.56,3.70,189143
2009-11-30,4.05,4.46,3.62,4.36,258525
2009-12-07,4.32,4.58,4.03,4.30,89686
2009-12-14,4.16,6.07,4.06,5.67,3948783
2009-12-21,5.67,5.99,5.36,5.61,2200600
2010-02-15,4.06,4.32,4.06,4.20,12300
2010-02-22,4.20,4.41,3.90,4.11,73451
2010-03-02,4.30,4.42,4.04,4.35,90094
2010-03-08,4.50,4.58,4.05,4.28,79709
2010-03-15,4.11,4.68,4.11,4.28,78201
2010-03-22,4.07,4.39,4.00,4.08,100807
2010-03-29,4.23,4.43,4.05,4.41,53646
2010-04-05,4.30,5.77,4.30,5.77,3269968
2010-04-12,5.78,5.99,4.99,5.00,741915
2010-04-19,4.76,5.29,4.76,5.24,298226
2010-04-26,5.22,5.34,4.86,5.05,213948
2010-05-03,4.98,5.08,4.48,4.50,119105
2010-05-10,4.58,4.58,4.06,4.13,300346
2010-05-17,4.06,4.23,3.83,3.88,73576
2010-05-24,4.05,4.05,3.63,3.74,90785
2010-05-31,3.75,4.29,3.75,4.18,365318
2010-06-07,4.06,4.27,4.02,4.15,218630
2010-06-14,4.18,4.23,4.07,4.12,87679
2010-06-21,4.23,4.50,4.11,4.40,121508
2010-06-28,4.41,4.68,4.23,4.47,107994
2010-07-05,4.50,5.25,4.38,5.11,514125
2010-07-12,5.28,5.88,5.05,5.62,1137355
2010-07-19,5.41,5.91,5.41,5.56,583801
2010-08-16,5.03,5.38,5.03,5.34,31154
2010-08-23,5.47,5.73,5.24,5.34,394532
2010-08-30,5.38,5.56,4.95,5.51,293306
2010-09-06,5.65,6.17,5.41,5.77,444392
2010-09-13,5.76,6.57,5.57,5.73,1692847
2010-09-20,5.78,6.09,5.31,5.74,412048
2010-09-27,5.73,6.00,5.42,5.81,165676
2010-10-04,5.49,6.00,5.42,5.57,337089
2010-10-11,5.49,6.09,5.49,5.83,507515
2010-10-18,6.00,7.78,6.00,6.97,5768239
2010-10-25,7.07,7.91,6.93,7.23,1748137
2010-11-29,6.36,6.36,6.20,6.26,27753
2010-12-06,5.96,6.39,5.32,5.38,233346
2010-12-13,5.39,5.82,5.13,5.80,113538
2010-12-20,5.52,6.00,5.47,5.61,93551
2010-12-27,5.40,5.96,5.38,5.91,145497
2011-01-03,5.83,6.32,5.69,5.81,206069
2011-01-10,5.73,6.00,5.40,5.71,134273
2011-01-17,5.57,6.00,5.53,5.70,211035
2011-01-24,5.42,6.17,5.12,5.40,106453
2011-01-31,5.23,5.64,4.98,5.23,270190
2011-02-07,5.12,5.37,4.37,4.84,524294
2011-02-14,4.80,5.71,4.80,5.39,671083
2011-02-21,5.38,5.96,4.95,5.60,1502139
2011-02-28,5.14,5.96,5.14,5.80,688938
2011-03-07,5.50,5.91,5.32,5.64,1347210
2011-03-14,5.31,6.53,4.90,5.66,925095
2011-03-21,5.31,5.91,5.31,5.75,363027
2011-03-28,5.41,6.26,5.39,6.14,263864
2011-04-04,5.65,6.60,5.65,6.03,159384
2011-04-11,5.75,6.17,5.59,5.95,46572
2011-04-18,5.69,7.35,5.69,6.56,1747672
2011-04-25,6.57,6.85,5.85,6.18,396913
2011-05-02,5.87,6.26,5.57,5.78,165404
2011-05-09,5.73,6.00,5.50,5.83,151483
2011-05-16,5.76,6.04,5.50,5.65,928553
2011-05-23,6.53,6.53,4.85,5.04,103630
2011-05-30,5.18,5.69,5.07,5.17,102836
2011-06-06,5.38,5.73,4.78,5.41,332033
2011-06-13,5.38,6.05,5.18,5.80,2820531
2011-06-20,5.98,7.14,5.78,6.90,4628799
2011-06-27,7.06,7.72,6.79,7.40,4602951
2011-07-04,7.45,8.91,7.45,8.55,5938677
2011-07-11,8.57,8.72,7.97,8.56,4244900
2011-07-18,8.72,9.25,8.13,9.12,5594094
2011-07-25,9.35,9.70,8.91,9.28,5382198
2011-08-01,9.53,9.57,8.39,8.90,3833612
2011-08-08,8.88,9.26,8.38,9.05,5901980
2011-08-16,9.18,9.26,8.11,8.28,2833229
2011-08-22,8.30,8.31,7.82,7.83,3208148
2011-08-29,8.00,9.05,7.85,8.61,2366639
2011-09-05,8.56,9.16,8.44,9.03,4462408
2011-09-12,9.07,9.46,8.96,9.32,4201049
2011-09-19,9.44,9.61,9.12,9.29,3227818
2011-09-26,8.82,9.95,8.64,9.52,3867441
2011-10-03,9.48,9.61,8.82,9.35,2233761
2011-10-10,9.39,9.61,7.51,8.12,4825742
2011-10-17,7.82,8.20,5.82,7.75,5189722
2011-10-24,7.77,8.42,7.77,8.10,2945089
2011-10-31,8.14,8.90,7.93,8.58,3660045
2011-11-08,8.69,8.98,8.49,8.51,958380
2011-11-14,8.60,8.65,8.03,8.07,675493
2011-11-21,8.23,8.23,7.72,7.90,565684
2011-11-28,7.95,8.37,7.67,8.00,249523
2011-12-05,7.96,8.12,7.81,7.81,1002208
2011-12-12,8.03,8.08,7.35,7.61,886358
2011-12-19,7.59,7.85,7.19,7.27,222893
2011-12-26,7.41,7.49,6.03,6.04,698654
2012-01-02,6.29,7.67,6.13,6.62,3415862
2012-01-09,6.62,6.88,6.00,6.13,1248217
2012-01-16,6.19,6.96,5.76,6.39,3306722
2012-01-23,6.43,7.56,6.43,7.47,2005732
2012-01-30,7.07,8.64,7.07,8.40,2496196
2012-02-06,7.62,8.81,7.59,8.09,1739147
2012-02-13,8.20,8.20,6.88,7.93,1864883
2012-02-21,7.97,8.24,6.84,7.30,1403679
2012-02-27,7.74,7.85,6.68,6.83,1719387
2012-03-05,6.84,7.28,5.87,6.30,1042647
2012-03-12,6.17,6.59,6.00,6.46,1747037
2012-03-19,6.60,6.60,6.20,6.43,1691804
2012-03-26,6.31,6.52,5.69,6.05,1582891
2012-04-02,6.39,6.62,6.17,6.38,541038
2012-04-09,6.52,6.52,5.76,6.04,1263885
2012-04-16,6.17,6.17,5.78,5.83,703914
2012-04-23,5.92,6.17,5.75,5.81,2358964
2012-04-30,6.13,6.13,5.50,5.55,674608
2012-05-07,5.47,5.82,5.29,5.65,742199
2012-05-14,5.80,5.80,5.14,5.34,464809
2012-05-21,5.64,5.65,4.59,5.33,953778
2012-05-28,5.42,5.47,5.16,5.22,2783766
2012-06-04,5.46,5.46,4.97,5.05,1144871
2012-06-11,5.25,5.25,3.70,4.30,2424627
2012-06-18,4.41,5.88,4.23,5.86,2510243
2012-06-25,6.62,6.62,5.41,6.10,2967264
2012-07-02,6.17,7.49,6.00,7.01,2883099
2012-07-09,7.06,7.22,6.32,6.94,933462
2012-07-16,6.59,6.61,5.66,5.82,395984
2012-07-23,5.99,6.00,5.12,5.42,841872
2012-07-30,5.59,5.78,5.29,5.58,555731
2012-08-06,5.82,5.82,5.20,5.46,1091429
2012-08-13,5.29,5.59,5.29,5.44,681275
2012-08-21,5.42,5.65,5.16,5.48,723368
2012-08-27,5.55,5.56,5.29,5.34,753297
2012-09-03,5.44,5.73,5.18,5.27,3189148
2012-09-10,5.33,6.00,5.22,5.38,2786430
2012-09-17,5.39,5.71,5.07,5.50,1736165
2012-09-24,5.38,7.32,5.38,7.25,2873996
2012-10-01,7.32,7.75,7.25,7.69,1327654
2012-10-08,7.78,9.08,7.78,8.57,4093009
2012-10-15,8.82,8.82,7.76,7.87,1096440
2012-10-22,7.87,8.43,6.92,6.92,631166
2012-10-29,6.71,6.92,6.25,6.28,384080
2012-11-05,6.35,6.35,5.39,5.74,4167662
2012-11-12,5.87,5.98,5.49,5.86,135690
2012-11-19,5.91,6.44,5.78,6.17,1212903
2012-11-26,6.35,6.46,5.82,6.14,794869
2012-12-03,6.07,7.44,6.07,7.40,956351
2012-12-10,7.26,7.54,6.73,6.79,1654801
2012-12-17,6.78,7.31,6.44,7.14,848254
2012-12-24,7.48,7.48,6.50,6.62,962439
2012-12-31,6.74,7.14,6.57,6.70,83156
2013-01-07,6.62,7.23,5.83,6.55,215445
2013-01-14,6.78,7.22,6.00,7.14,912942
2013-01-21,7.05,7.37,6.18,6.25,651629
2013-01-28,6.34,6.39,5.95,6.07,870894
2013-02-04,6.17,6.35,5.17,5.56,690446
2013-02-11,5.55,5.78,5.20,5.29,195311
2013-02-18,5.55,5.82,5.29,5.82,160937
2013-02-25,6.00,7.01,5.99,6.39,1777805
2013-03-04,6.42,6.63,6.21,6.62,149680
2013-03-11,6.58,6.84,6.18,6.20,1349716
2013-03-18,6.26,6.27,5.33,5.38,360284
2013-03-25,5.56,5.83,5.34,5.83,75979
2013-04-01,5.98,6.11,5.56,5.69,19669
2013-04-08,5.39,5.82,5.30,5.56,57863
2013-04-15,5.73,5.73,5.46,5.46,110103
2013-04-22,5.47,5.72,5.30,5.65,226385
2013-04-29,5.83,5.91,5.41,5.85,335547
2013-05-06,5.65,5.97,5.34,5.34,241622
2013-05-13,5.34,5.81,5.31,5.34,345478
2013-05-20,5.31,5.58,4.85,5.03,402820
2013-05-27,5.20,5.51,4.83,4.87,281958
2013-06-03,4.78,5.53,4.77,5.44,963085
2013-06-10,5.47,5.65,4.95,5.23,519124
2013-06-17,5.44,5.44,4.76,5.00,1382343
2013-06-24,4.98,5.18,4.69,4.78,2511206
2013-07-01,4.33,5.02,4.33,4.43,248276
2013-07-08,4.55,4.71,4.18,4.32,185425
2013-07-15,4.25,4.64,4.25,4.64,293782
2013-07-22,4.44,4.60,4.26,4.35,400688
2013-07-29,4.43,4.49,3.82,3.96,219764
2013-08-05,3.96,4.24,3.78,3.81,332429
2013-08-12,3.96,4.50,3.79,3.82,241826
2013-08-19,3.97,4.02,3.44,3.79,502391
2013-08-26,3.71,4.05,3.27,3.42,749976
2013-09-02,3.33,3.80,3.19,3.35,1244896
2013-09-10,3.43,3.71,3.35,3.39,590795
2013-09-16,3.66,3.66,3.21,3.24,375101
2013-09-23,3.18,3.42,2.94,2.96,1410492
2013-09-30,3.01,3.22,2.98,2.99,1024417
2013-10-07,2.97,3.41,2.92,3.26,407683
2013-10-14,3.29,3.43,3.00,3.15,518546
2013-10-21,3.15,3.50,3.09,3.10,518149
2013-10-28,3.25,3.96,3.15,3.53,944289
2013-11-05,3.61,3.62,3.40,3.55,232371
2013-11-11,3.70,3.71,3.40,3.57,182251
2013-11-18,3.70,3.83,3.34,3.55,252584
2013-11-25,3.39,3.58,3.27,3.37,105104
2013-12-02,3.31,3.48,2.65,3.07,1646786
2013-12-09,3.09,3.19,2.73,2.82,285246
2013-12-16,2.91,3.11,2.79,2.96,343324
2013-12-23,2.92,3.38,2.92,3.33,1196125
2013-12-30,3.43,3.69,3.22,3.42,532502
2014-01-06,3.31,3.57,3.18,3.24,496394
2014-01-13,3.22,3.43,2.99,3.04,240136
2014-01-20,3.07,3.10,2.91,2.91,400654
2014-01-27,2.91,3.25,2.91,3.13,208325
2014-02-03,3.05,3.16,2.99,3.04,191105
2014-02-10,3.14,3.17,3.00,3.00,71751
2014-02-17,3.21,3.35,2.88,2.90,124172
2014-02-24,2.87,2.91,2.69,2.73,102734
2014-03-03,2.77,2.95,2.66,2.72,192114
2014-03-10,2.68,2.91,2.47,2.63,172478
2014-03-18,2.56,2.80,2.56,2.73,98642
2014-03-24,2.62,2.95,2.62,2.85,557477
2014-03-31,2.79,3.18,2.79,2.99,110080
2014-04-07,3.03,3.30,2.94,3.14,135373
2014-04-15,3.25,3.25,3.01,3.08,29000
2014-04-21,3.08,3.65,3.08,3.52,484411
2014-04-28,3.62,3.77,3.38,3.47,430969
2014-05-05,3.40,3.85,3.18,3.68,283658
2014-05-12,3.79,3.79,3.20,3.39,305969
2014-05-19,3.37,4.49,3.37,4.23,333778
2014-05-26,4.32,4.32,3.60,3.70,234774
2014-06-02,3.66,4.10,3.37,3.96,517718
2014-06-09,3.97,4.40,3.63,3.93,361497
2014-06-16,3.90,4.15,3.90,4.06,159067
2014-06-23,3.99,4.13,3.91,4.09,234298
2014-06-30,4.14,5.51,4.14,5.51,1427906
2014-07-07,5.72,5.72,4.15,4.29,2630991
2014-07-14,4.41,4.68,4.15,4.67,216987
2014-07-21,4.68,5.47,4.68,4.80,583597
2014-07-28,4.71,5.01,4.68,4.76,118356
2014-08-04,4.79,4.95,4.60,4.65,252017
2014-08-11,4.65,5.80,4.60,5.72,1055367
2014-08-18,5.60,5.64,4.90,4.92,222168
2014-08-25,4.79,5.06,4.59,4.97,92554
2014-09-01,5.12,5.20,4.86,4.90,176310
2014-09-08,5.02,5.55,4.92,5.17,394408
2014-09-15,5.14,5.20,4.76,4.85,36788
2014-09-22,4.94,5.03,4.45,4.59,71977
2014-09-29,4.75,4.75,4.47,4.51,42536
2014-10-07,4.37,4.67,4.35,4.43,48782
2014-10-13,4.45,4.57,4.16,4.23,105262
2014-10-20,5.02,5.02,4.10,4.64,51163
2014-10-27,4.85,4.85,4.46,4.51,118424
2014-11-03,4.67,4.68,4.41,4.49,92044
2014-11-10,4.41,4.55,3.96,4.32,136529
2014-11-17,4.30,4.45,4.08,4.35,142175
2014-11-24,4.41,4.90,4.34,4.68,134557
2014-12-01,4.68,4.76,4.32,4.50,61446
2014-12-08,4.45,4.62,4.32,4.54,30950
2014-12-15,4.54,4.54,3.98,4.29,123447
2014-12-22,4.15,4.50,3.79,4.41,61514
2014-12-29,4.41,4.45,4.15,4.32,49803
2015-01-05,4.24,4.32,4.13,4.26,20769
2015-01-12,4.06,4.30,3.88,4.00,103426
2015-01-19,3.97,4.17,3.79,3.97,28183
2015-01-27,3.88,4.15,3.84,4.06,40597
2015-02-02,4.17,4.17,3.80,3.97,18082
2015-02-09,3.88,4.15,3.73,3.93,40053
2015-02-16,3.86,4.12,3.79,3.93,58725
2015-02-23,3.88,4.10,3.84,3.89,69166
2015-03-02,3.89,4.21,3.85,3.96,60663
2015-03-09,3.96,4.21,3.81,3.97,51061
2015-03-16,3.88,4.01,3.63,3.79,370011
2015-03-23,3.70,3.70,3.18,3.23,142583
2015-03-30,3.26,3.61,3.21,3.51,43375
2015-04-06,3.48,3.96,3.40,3.96,116962
2015-04-13,3.88,4.23,3.88,3.94,140463
2015-04-20,3.86,4.14,3.80,3.80,30609
2015-04-27,3.88,3.88,3.33,3.62,32355
2015-05-04,3.47,3.95,3.23,3.48,92304
2015-05-11,3.36,3.69,3.27,3.57,6825
2015-05-18,3.48,3.70,3.37,3.52,103403
2015-05-25,3.26,3.88,3.26,3.45,40506
2015-06-01,3.45,3.77,3.01,3.40,40008
2015-06-08,3.35,3.51,3.05,3.09,22821
2015-06-15,3.18,3.31,3.05,3.10,18581
2015-06-22,3.10,3.70,3.04,3.55,187885
2015-06-29,3.48,4.89,3.28,4.27,1068449
2015-07-06,4.19,4.63,3.98,4.28,159316
2015-07-13,4.54,4.59,4.06,4.22,71989
2015-07-20,4.15,4.50,4.06,4.23,63645
2015-07-27,4.23,4.41,3.98,4.35,219209
2015-08-03,4.28,4.80,4.03,4.48,296016
2015-08-10,4.48,6.09,4.25,4.41,2542065
2015-08-17,4.74,4.74,4.19,4.22,259613
2015-08-24,4.10,4.10,3.11,3.66,422194
2015-08-31,3.66,3.68,3.11,3.34,85015
2015-09-07,3.26,4.27,3.01,3.65,75594
2015-09-14,3.65,3.79,3.45,3.54,66797
2015-09-21,3.54,3.87,3.54,3.68,295653
2015-09-28,3.65,3.84,3.48,3.63,15577
2015-10-05,3.74,3.83,3.45,3.51,276482
2015-10-12,3.68,4.90,3.37,4.32,1947857
2015-10-19,4.50,4.53,3.72,3.75,505146
2015-10-26,3.73,4.32,3.54,3.73,619829
2015-11-02,3.69,4.41,3.62,3.93,1240644
2015-11-09,3.84,4.36,3.70,3.89,392775
2015-11-16,3.94,4.04,3.74,3.93,189733
2015-11-23,4.04,4.58,3.80,4.27,1552837
2015-11-30,4.38,4.50,4.00,4.11,397310
2015-12-07,4.23,4.32,3.81,4.02,824538
2015-12-14,4.00,4.32,3.91,3.93,267492
2015-12-21,3.96,4.68,3.93,4.30,1327779
2015-12-28,4.46,4.97,4.32,4.47,2732048
2016-01-04,4.47,5.42,4.17,4.99,4042209
2016-01-11,4.97,5.11,4.12,4.27,291197
2016-01-18,4.19,4.19,3.59,3.87,548600
2016-01-25,4.02,4.23,3.67,3.72,509692
2016-02-01,3.75,3.86,3.32,3.58,749794
2016-02-08,3.62,3.73,3.10,3.34,56446
2016-02-15,3.18,3.76,2.90,3.20,132017
2016-02-22,3.13,3.50,2.97,3.12,67103
2016-02-29,3.04,3.62,3.00,3.48,100671
2016-03-08,3.62,3.62,3.26,3.35,114661
2016-03-14,3.48,3.48,3.28,3.38,171413
2016-03-21,3.53,3.53,3.27,3.49,53918
2016-03-28,3.35,3.69,3.16,3.46,111464
2016-04-04,3.67,4.15,3.43,3.60,183203
2016-04-11,3.60,4.19,3.53,3.82,1096871
2016-04-18,3.82,4.03,3.80,3.88,44928
2016-04-25,3.85,3.96,3.65,3.67,150542
2016-05-02,3.67,5.03,3.66,4.45,28320440
2016-05-09,4.50,5.27,4.29,4.62,26488150
2016-05-16,4.68,4.70,4.08,4.11,3618609
2016-05-23,4.13,4.71,4.03,4.56,10772876
2016-05-30,4.55,4.61,4.04,4.30,3782800
2016-06-06,4.27,4.41,4.15,4.20,753139
2016-06-13,4.18,4.30,3.75,3.81,2749246
2016-06-20,3.87,4.06,3.63,3.74,1792169
2016-06-27,3.63,4.14,3.63,3.94,1948368
2016-07-04,3.98,4.09,3.82,3.89,396074
2016-07-11,3.88,4.05,3.84,3.89,655404
2016-07-18,3.89,4.04,3.76,3.89,751438
2016-07-25,3.86,4.45,3.85,4.20,3327582
2016-08-01,4.36,4.36,3.75,3.86,766074
2016-08-08,3.84,4.00,3.73,3.94,457531
2016-08-16,3.83,3.90,3.65,3.88,397503
2016-08-22,3.84,3.90,3.72,3.82,260667
2016-08-29,3.87,3.88,3.65,3.69,449357
2016-09-06,3.69,3.87,3.68,3.79,181162
2016-09-12,3.75,3.79,3.63,3.69,151324
2016-09-19,3.69,4.19,3.62,3.70,2770105
2016-09-26,3.70,4.38,3.62,4.34,4238245
2016-10-03,4.51,5.22,4.45,5.20,16937586
2016-10-10,5.28,5.37,4.43,4.87,4649772
2016-10-17,4.92,8.33,4.92,8.31,110984976
2016-10-24,8.42,8.54,6.73,6.73,33929102
2016-11-01,6.08,7.69,6.08,7.27,45706227
2016-11-07,7.45,7.76,6.77,7.35,19816786
2016-11-15,7.35,7.50,6.64,6.98,14702250
2016-11-21,6.63,6.63,5.41,5.97,4818192
2016-11-28,6.00,7.36,6.00,6.81,13203727
2016-12-05,6.83,7.15,6.47,6.64,5221181
2016-12-12,6.66,6.77,5.91,6.41,3777415
2016-12-19,6.53,7.13,6.16,6.23,10194812
2016-12-26,6.25,6.43,5.65,5.70,4471580
2017-01-02,5.75,6.13,5.60,6.02,3544852
2017-01-09,6.04,6.57,6.02,6.35,4082897
2017-01-16,6.31,7.68,6.31,6.62,28166497
2017-01-23,6.79,6.82,6.02,6.16,10092520
2017-01-30,6.21,6.90,5.79,6.69,35118628
2017-02-06,6.80,7.41,6.54,7.07,64643639
2017-02-13,7.14,7.26,6.11,6.89,31895107
2017-02-20,6.95,7.25,6.64,7.02,17358409
2017-02-27,7.14,7.19,6.41,6.50,10735374
2017-03-06,6.54,6.59,6.20,6.28,4978097
2017-03-14,6.41,6.69,6.19,6.58,6808211
2017-03-20,6.64,6.90,6.23,6.29,12761149
2017-03-27,6.30,6.41,5.98,6.03,6138613
2017-04-03,6.06,7.00,6.02,6.89,27671124
2017-04-10,6.97,7.00,6.50,6.53,8949383
2017-04-17,6.62,6.62,6.22,6.28,4802966
2017-04-24,6.48,6.90,6.39,6.50,26608456
2017-05-02,6.53,6.62,6.27,6.32,5149963
2017-05-08,6.42,6.42,6.12,6.13,5100172
2017-05-15,6.26,6.35,5.58,5.62,6825941
2017-05-22,5.75,7.14,5.72,5.76,51481631
2017-05-29,5.82,5.87,5.12,5.22,23475062
2017-06-05,5.25,5.33,4.74,4.75,6921919
2017-06-12,4.78,5.46,4.62,5.10,10381461
2017-06-19,5.03,5.12,4.76,4.78,3113928
2017-06-27,4.80,4.82,4.68,4.72,2053834
2017-07-03,4.71,5.00,4.71,4.82,3152167
2017-07-10,4.76,4.96,4.72,4.79,2308379
2017-07-17,4.79,4.85,4.74,4.75,1604159
2017-07-24,4.75,4.85,4.47,4.49,3037473
2017-07-31,4.49,4.50,3.88,3.99,3333330
2017-08-07,4.04,4.17,3.26,3.49,3144436
2017-08-14,3.86,4.39,3.58,3.91,5499013
2017-08-21,3.85,3.95,3.63,3.69,1436522
2017-08-28,3.73,3.97,3.73,3.92,2503645
2017-09-04,3.93,3.97,3.74,3.82,1602130
2017-09-11,3.86,3.93,3.62,3.67,2243204
2017-09-18,3.63,3.74,3.40,3.40,3186711
2017-09-25,3.40,3.40,3.01,3.09,3608055
2017-10-03,3.10,3.20,3.00,3.01,2141195
2017-10-09,3.04,3.09,2.92,2.95,2027975
2017-10-16,2.93,2.99,2.74,2.77,1480883
2017-10-23,2.86,3.60,2.73,3.12,9198397
2017-10-30,3.15,3.37,3.02,3.27,3486932
2017-11-06,3.24,3.35,3.06,3.08,2278076
2017-11-13,3.05,3.18,2.88,3.05,2372625
2017-11-20,3.17,3.26,3.03,3.15,4029059
2017-11-27,3.21,3.41,3.03,3.10,4167515
2017-12-04,3.10,3.12,2.96,3.04,1061545
2017-12-11,3.04,3.25,3.01,3.05,2655989
2017-12-18,3.00,3.15,2.96,3.09,1903531
2017-12-26,3.13,3.33,3.09,3.23,5084981
2018-01-01,3.21,3.71,3.14,3.55,7942833
2018-01-08,3.60,3.60,3.37,3.41,2918776
2018-01-15,3.48,3.48,3.04,3.07,1930161
2018-01-22,3.13,3.14,2.99,3.01,868899
2018-01-29,2.95,3.07,2.76,2.79,1298122
2018-02-05,2.95,3.04,2.58,2.68,2420535
2018-02-12,2.81,2.81,2.36,2.39,2638666
2018-02-19,2.45,2.45,1.99,2.05,4447806
2018-02-26,2.07,2.14,1.94,2.02,785777
2018-03-05,1.95,2.24,1.85,2.04,4275691
2018-03-12,2.09,2.18,1.96,1.99,1982219
2018-03-19,2.02,2.03,1.76,1.79,1479760
2018-03-26,1.81,1.83,1.55,1.57,1734204
2018-04-02,1.65,2.03,1.59,1.90,2258112
2018-04-09,1.90,1.98,1.85,1.87,1067078
2018-04-16,1.87,1.92,1.69,1.74,849037
2018-04-23,1.75,1.85,1.61,1.65,743627
2018-04-30,1.65,1.76,1.63,1.65,468823
2018-05-07,1.65,1.92,1.59,1.72,3980775
2018-05-14,1.69,1.85,1.63,1.66,1287499
2018-05-21,1.65,1.69,1.52,1.58,718969
2018-05-28,1.58,1.69,1.50,1.54,1080002
2018-06-04,1.53,1.57,1.34,1.42,771504
2018-06-11,1.41,1.46,1.36,1.38,816069
2018-06-18,1.42,1.46,1.23,1.24,502074
2018-06-25,1.27,1.29,1.07,1.12,867402
2018-07-02,1.11,1.17,1.04,1.07,769611
2018-07-09,1.07,1.76,1.06,1.62,11536342
2018-07-16,1.62,1.62,1.25,1.25,1840600
2018-07-23,1.24,1.34,1.18,1.29,678701
2018-07-30,1.26,1.35,1.25,1.26,834968
2018-08-06,1.29,1.32,1.16,1.23,948098
2018-08-13,1.22,1.33,1.20,1.26,700332
2018-08-20,1.27,1.28,1.21,1.26,529429
2018-08-27,1.20,1.26,1.11,1.20,646720
2018-09-03,1.20,1.30,1.17,1.18,924109
2018-09-10,1.12,1.20,1.12,1.17,463154
2018-09-17,1.20,1.23,1.06,1.12,482449
2018-09-24,1.15,1.15,0.93,0.94,896243
2018-10-01,0.98,1.00,0.88,0.92,445446
2018-10-08,0.90,0.98,0.86,0.97,634612
2018-10-15,0.96,1.05,0.91,0.94,324437
2018-10-22,0.99,1.01,0.90,0.91,492278
2018-10-29,0.90,1.02,0.89,0.99,530790
2018-11-05,1.01,1.04,0.94,1.01,254942
2018-11-12,1.01,1.47,0.97,1.22,7508168
2018-11-19,1.22,1.28,1.05,1.15,1226315
2018-11-26,1.17,1.25,1.02,1.06,933383
2018-12-03,1.04,1.13,0.95,1.01,701295
2018-12-10,1.06,1.06,0.94,1.03,706250
2018-12-17,1.02,1.09,0.99,1.05,490374
2018-12-24,1.05,1.08,0.99,1.04,326285
2018-12-31,1.04,1.07,0.94,1.03,600069
2019-01-07,1.01,1.07,0.98,1.02,274736
2019-01-14,1.00,1.06,1.00,1.01,408976
2019-01-21,1.04,1.04,0.96,0.97,341136
2019-01-28,0.96,1.01,0.88,0.94,322249
2019-02-04,0.93,0.93,0.84,0.86,412365
2019-02-11,0.91,0.91,0.80,0.80,317147
2019-02-18,0.80,0.99,0.76,0.90,889532
2019-02-25,0.86,0.90,0.82,0.86,597246
2019-03-05,0.89,0.93,0.87,0.91,425811
2019-03-11,0.91,0.94,0.84,0.89,477983
2019-03-18,0.88,0.93,0.84,0.89,473482
2019-03-25,0.89,0.89,0.79,0.80,196569
2019-04-01,0.80,0.86,0.76,0.79,251303
2019-04-08,0.82,0.82,0.71,0.72,299802
2019-04-15,0.75,0.75,0.68,0.73,226804
2019-04-22,0.72,0.75,0.68,0.71,307704
2019-04-30,0.70,0.70,0.64,0.65,190674
2019-05-06,0.64,0.65,0.58,0.61,195639
2019-05-13,0.60,0.61,0.52,0.53,269669
2019-05-20,0.53,0.56,0.50,0.53,360579
2019-05-27,0.52,0.57,0.50,0.55,412841
2019-06-03,0.53,0.57,0.50,0.51,369002
2019-06-10,0.52,0.53,0.42,0.42,331160
2019-06-17,0.40,0.43,0.34,0.34,286957
2019-06-24,0.33,0.38,0.32,0.36,252255
2019-07-01,0.35,0.38,0.32,0.34,111418
2019-07-08,0.35,0.35,0.31,0.33,98585
2019-07-15,0.33,0.34,0.30,0.32,156244
2019-07-22,0.34,0.34,0.30,0.32,239921
2019-07-29,0.33,0.33,0.29,0.30,221907
2019-08-05,0.28,0.30,0.26,0.27,112915
2019-08-13,0.26,0.29,0.26,0.26,133933
2019-08-19,0.25,0.29,0.25,0.25,120805
2019-08-26,0.26,0.27,0.24,0.26,101147
2019-09-03,0.25,0.26,0.23,0.25,117347
2019-09-09,0.26,0.27,0.25,0.25,106203
2019-09-16,0.26,0.27,0.25,0.27,262606
2019-09-23,0.27,0.28,0.24,0.25,181548
2019-09-30,0.25,0.26,0.22,0.22,172569
2019-10-07,0.22,0.22,0.20,0.20,37650
2019-10-14,0.20,0.21,0.19,0.20,165109
2019-10-22,0.19,0.19,0.16,0.16,211091
2019-10-29,0.16,0.16,0.15,0.16,319471
2019-11-04,0.16,0.16,0.15,0.16,331647
2019-11-11,0.15,0.18,0.15,0.18,71977
2019-11-18,0.19,0.21,0.19,0.21,191263
2019-11-25,0.20,0.25,0.20,0.25,232371
2019-12-02,0.25,0.28,0.24,0.25,429892
2019-12-09,0.24,0.26,0.22,0.23,178362
2019-12-16,0.22,0.24,0.22,0.22,44123
2019-12-23,0.21,0.23,0.21,0.23,63940
2019-12-30,0.23,0.24,0.22,0.24,65946
2020-01-06,0.23,0.25,0.22,0.23,172467
2020-01-13,0.22,0.24,0.22,0.24,73667
2020-01-20,0.24,0.25,0.23,0.23,70481
2020-01-27,0.23,0.23,0.20,0.21,79346
2020-02-03,0.21,0.21,0.19,0.19,14987
2020-02-10,0.19,0.19,0.17,0.18,257040
2020-02-17,0.17,0.19,0.17,0.19,44610
2020-02-24,0.20,0.24,0.19,0.24,117075
2020-03-02,0.25,0.28,0.25,0.28,241236
2020-03-09,0.29,0.33,0.29,0.33,249693
2020-03-16,0.34,0.36,0.33,0.36,910040
2020-03-23,0.36,0.37,0.31,0.31,286447
2020-03-30,0.31,0.32,0.28,0.28,60289
2020-04-07,0.30,0.30,0.28,0.29,58951
2020-04-13,0.29,0.31,0.29,0.31,160427
2020-04-20,0.31,0.34,0.30,0.31,220580
2020-04-27,0.31,0.32,0.28,0.31,123889
2020-05-04,0.31,0.32,0.27,0.28,155904
2020-05-11,0.27,0.28,0.25,0.26,73837
2020-05-18,0.26,0.26,0.24,0.25,85434
2020-05-26,0.24,0.26,0.24,0.26,89198
2020-06-01,0.25,0.28,0.25,0.28,313837
2020-06-08,0.30,0.39,0.30,0.39,439812
2020-06-15,0.41,0.49,0.41,0.49,166300
2020-06-22,0.49,0.61,0.49,0.61,258105
2020-06-29,0.64,0.76,0.64,0.76,637310
2020-07-06,0.80,0.96,0.80,0.96,1265302
2020-07-13,1.01,1.21,1.01,1.10,1254112
2020-07-20,1.05,1.05,0.86,0.86,213676
2020-07-27,0.82,0.82,0.67,0.67,358901
2020-08-03,0.64,0.71,0.59,0.70,640224
2020-08-10,0.73,0.88,0.73,0.88,735113
2020-08-17,0.84,0.88,0.76,0.83,1100397
2020-08-24,0.79,0.87,0.75,0.86,2079194
2020-08-31,0.86,0.88,0.69,0.71,1003195
2020-09-07,0.73,0.75,0.67,0.70,520473
2020-09-14,0.73,0.75,0.68,0.72,597768
2020-09-21,0.72,0.72,0.62,0.65,496586
2020-09-28,0.67,0.75,0.66,0.71,348664
2020-10-05,0.70,0.75,0.67,0.70,340796
2020-10-12,0.69,0.73,0.64,0.71,473709
2020-10-19,0.75,0.79,0.66,0.76,655948
2020-10-26,0.77,0.82,0.68,0.71,326330
2020-11-02,0.71,0.75,0.67,0.70,441002
2020-11-09,0.76,0.76,0.65,0.72,365873
2020-11-17,0.75,0.75,0.67,0.70,582882
2020-11-23,0.69,0.73,0.64,0.69,757843
2020-12-01,0.66,0.76,0.66,0.72,955115
2020-12-07,0.75,1.05,0.64,0.99,6828889
2020-12-14,1.06,1.39,0.86,1.39,14528082
2020-12-21,1.39,1.50,1.13,1.29,9304384
2020-12-28,1.34,1.36,1.19,1.28,2931814
2021-01-04,1.28,1.52,1.25,1.42,7803674
2021-01-11,1.46,1.46,1.29,1.37,2932006
2021-01-18,1.44,1.45,1.25,1.28,2635991
2021-01-25,1.32,1.32,1.17,1.25,892876
2021-02-01,1.30,1.30,1.21,1.25,1204480
2021-02-08,1.29,1.29,1.16,1.21,999714
2021-02-15,1.19,1.83,1.05,1.83,22735698
2021-02-22,1.94,2.54,1.90,2.42,9945357
2021-03-01,2.30,2.30,1.88,1.88,4169680
2021-03-08,1.79,1.79,1.54,1.70,5222893
2021-03-15,1.74,2.04,1.73,1.77,3500332
2021-03-22,1.72,1.77,1.55,1.58,5356906
2021-03-30,1.59,1.62,1.49,1.51,1477289
2021-04-05,1.50,1.74,1.36,1.57,3656383
2021-04-12,1.58,1.61,1.42,1.46,1751254
2021-04-19,1.51,1.63,1.29,1.59,3266340
2021-04-26,1.72,1.89,1.57,1.62,7717378
2021-05-03,1.65,1.68,1.56,1.64,2803141
2021-05-10,1.68,1.68,1.56,1.62,2221891
2021-05-17,1.67,1.70,1.61,1.65,2151841
2021-05-24,1.70,1.73,1.62,1.64,2909049
2021-05-31,1.67,1.69,1.59,1.65,2013464
2021-06-07,1.65,2.12,1.62,1.98,11612480
2021-06-14,2.01,2.03,1.68,1.80,4775678
2021-06-21,1.77,2.03,1.72,1.91,6989350
2021-06-28,1.91,1.99,1.72,1.88,6905673
2021-07-05,1.89,2.16,1.81,1.97,8935065
2021-07-12,2.05,2.16,1.94,2.10,7212742
2021-07-19,2.15,2.80,2.11,2.80,25361610
2021-07-26,2.88,3.22,2.65,2.65,7349033
2021-08-02,2.51,2.72,2.27,2.30,3625423
2021-08-09,2.22,2.37,1.96,2.09,2638213
2021-08-16,2.07,2.07,1.81,1.87,1084831
2021-08-23,1.92,2.07,1.69,2.06,1199061
2021-08-30,2.14,2.26,2.06,2.09,1502117
2021-09-06,2.10,2.24,2.00,2.13,1177918
2021-09-13,2.05,2.24,2.03,2.06,1236756
2021-09-20,2.02,2.15,1.92,1.96,1356881
2021-09-27,1.92,2.09,1.86,2.06,832621
2021-10-04,2.16,2.16,2.02,2.04,1332790
2021-10-11,2.07,2.16,1.95,2.06,1304720
2021-10-18,2.12,2.12,1.91,1.94,1891786
2021-10-25,1.98,1.98,1.81,1.88,1155743
2021-11-01,1.94,2.07,1.83,2.07,1212427
2021-11-08,2.17,2.53,2.07,2.48,5594038
2021-11-15,2.39,2.43,2.04,2.08,1835748
2021-11-22,2.12,2.12,1.91,2.06,1777114
2021-11-29,2.11,2.11,1.90,2.00,378604
2021-12-06,2.06,2.21,1.95,2.17,980873
2021-12-13,2.12,2.26,1.97,2.06,580694
2021-12-20,2.02,2.16,1.95,2.09,569868
2021-12-27,2.16,2.28,2.00,2.19,1244125
2022-01-03,2.26,2.62,2.14,2.62,3172029
2022-01-10,2.75,2.89,2.43,2.65,7985765
2022-01-17,2.75,2.76,2.51,2.52,2273088
2022-01-24,2.51,2.60,2.23,2.37,1598842
2022-01-31,2.47,2.98,2.47,2.73,3902370
2022-02-07,2.84,2.84,2.47,2.52,1403271
2022-02-14,2.39,2.56,2.28,2.32,1169562
2022-02-21,2.27,2.36,2.00,2.03,1355940
2022-02-28,2.03,2.17,1.97,2.12,366882
2022-03-07,2.16,2.29,2.01,2.20,1061489
2022-03-14,2.22,2.35,2.12,2.35,982097
2022-03-21,2.41,2.49,2.24,2.34,1806193
2022-03-28,2.30,2.42,2.08,2.13,1271798
2022-04-04,2.21,2.36,2.10,2.26,1119238
2022-04-11,2.32,2.32,2.16,2.28,1094399
2022-04-18,2.38,2.82,2.30,2.62,4079247
2022-04-25,2.60,2.70,2.40,2.61,3111298
2022-05-02,2.56,2.66,2.35,2.35,1110203
2022-05-09,2.26,2.45,2.06,2.16,749386
2022-05-16,2.24,2.27,2.07,2.21,952678
2022-05-23,2.22,2.28,2.03,2.10,710773
2022-05-30,2.18,2.21,2.00,2.03,880961
2022-06-06,2.00,2.18,1.95,1.97,394442
2022-06-13,2.01,2.09,1.60,1.69,994205
2022-06-20,1.74,1.86,1.53,1.76,2085090
2022-06-27,1.81,2.09,1.80,2.07,2881387
2022-07-04,2.08,2.11,1.85,1.95,1025710
2022-07-11,1.91,2.47,1.91,2.28,3973145
2022-07-18,2.33,2.43,2.24,2.31,1710136
2022-07-25,2.27,2.35,2.13,2.22,773171
2022-08-01,2.19,2.30,2.08,2.14,1379112
2022-08-08,2.22,2.27,2.07,2.17,692487
2022-08-16,2.21,2.21,1.98,2.03,1622185
2022-08-22,2.07,2.13,1.95,2.06,702860
2022-08-29,2.07,2.13,1.97,2.03,1226326
2022-09-05,2.00,2.12,1.94,2.03,1123512
2022-09-12,2.07,2.15,1.98,1.98,1350974
2022-09-19,2.06,2.06,1.83,1.88,1431307
2022-09-26,1.88,1.88,1.68,1.74,923372
2022-10-03,1.79,1.84,1.72,1.81,596543
2022-10-10,1.84,1.84,1.71,1.74,894633
2022-10-17,1.72,1.76,1.68,1.71,535789
2022-10-24,1.71,1.84,1.68,1.74,629658
2022-10-31,1.75,1.87,1.71,1.76,830172
2022-11-07,1.76,1.80,1.69,1.77,638954
2022-11-14,1.85,1.94,1.72,1.77,1346190
2022-11-21,1.77,1.83,1.69,1.76,773216
2022-11-28,1.80,1.80,1.68,1.75,1152013
2022-12-05,1.79,1.84,1.66,1.78,731417
2022-12-12,1.84,1.92,1.72,1.74,1461293
2022-12-19,1.78,1.88,1.56,1.57,1451146
2022-12-26,1.66,1.80,1.57,1.71,875894
2023-01-02,1.75,1.78,1.68,1.70,887650
2023-01-09,1.75,1.75,1.62,1.65,626438
2023-01-16,1.63,1.76,1.63,1.68,472870
2023-01-23,1.68,1.70,1.59,1.65,499738
2023-01-30,1.67,1.71,1.60,1.62,768035
2023-02-06,1.62,2.07,1.62,1.90,5193757
2023-02-13,1.85,1.89,1.72,1.82,1825669
2023-02-20,1.82,1.92,1.64,1.76,1451090
2023-02-27,1.77,1.83,1.63,1.78,1308574
2023-03-06,1.72,1.94,1.72,1.92,1083006
2023-03-13,1.94,1.94,1.74,1.83,1063892
2023-03-20,1.80,2.00,1.75,1.83,1197859
2023-03-27,1.83,2.51,1.73,2.17,6463458
2023-04-03,2.21,2.82,2.21,2.42,7413903
2023-04-10,2.40,3.30,2.21,3.30,10585558
2023-04-17,3.44,4.00,3.31,3.63,23437413
2023-04-24,3.77,4.10,3.60,3.61,7610029
2023-05-02,3.60,3.78,3.40,3.70,3064704
2023-05-08,3.86,3.97,3.37,3.46,5602484
2023-05-15,3.44,3.62,3.26,3.62,2787621
2023-05-22,3.80,4.40,3.80,4.18,5001723
2023-05-29,4.09,4.38,3.97,4.20,5140304
2023-06-05,4.11,4.76,4.03,4.37,3521668
2023-06-12,4.50,4.85,4.34,4.56,1788462
2023-06-19,4.71,4.72,4.28,4.43,1204253
2023-06-26,4.49,4.63,4.29,4.48,471396
2023-07-03,4.48,5.70,4.48,5.70,4264252
2023-07-17,5.59,5.59,5.59,5.59,2834
2023-07-24,5.48,5.48,5.05,5.05,2474872
2023-07-31,4.95,5.15,4.76,5.15,1174811
2023-08-07,5.25,5.57,5.20,5.57,778000
2023-08-14,5.57,6.18,5.20,6.18,1254385
2023-08-21,6.49,6.51,5.91,5.91,2564308
2023-08-28,5.80,5.80,5.35,5.35,195775
2023-09-04,5.25,5.57,5.15,5.57,727359
2023-09-11,5.61,5.62,5.28,5.28,179904
2023-09-18,5.39,5.52,5.39,5.51,342553
2023-09-25,5.42,5.42,5.10,5.10,763546
2023-10-03,5.10,5.22,4.41,4.71,1054505
2023-10-09,4.82,5.44,4.51,5.16,1057566
2023-10-16,5.06,5.06,4.74,4.76,128786
2023-10-23,4.67,4.67,4.40,4.40,161436
2023-10-30,4.31,4.83,4.31,4.83,438429
2023-11-06,4.93,5.43,4.93,5.43,1716269
2023-11-13,5.54,5.87,5.54,5.65,5832168
2023-11-20,5.71,5.71,5.29,5.29,1899574
2023-11-28,5.36,5.46,5.25,5.32,221034
2023-12-04,5.32,5.43,5.12,5.12,358232
2023-12-11,5.37,5.68,5.12,5.53,2614961
2023-12-18,5.46,5.63,4.82,4.90,2524958
2023-12-26,4.99,5.16,4.87,5.03,749080
2024-01-01,5.10,5.38,4.89,5.24,1217812
2024-01-08,5.08,5.36,5.06,5.19,964876
2024-01-15,5.03,5.90,5.02,5.70,7039640
2024-01-23,5.78,5.98,5.38,5.98,1662113
2024-01-29,6.17,6.49,5.76,6.22,4402482
2024-02-05,6.35,6.53,5.88,5.90,2070057
2024-02-12,6.00,6.42,5.61,6.14,1444922
2024-02-19,6.39,6.40,5.84,6.11,862471
2024-02-26,6.28,6.28,5.70,6.07,1989656
2024-03-04,6.09,7.33,6.09,7.33,7308697
2024-03-11,7.44,7.62,7.03,7.03,3756544
2024-03-18,6.89,6.89,6.46,6.59,900030
2024-03-26,6.46,6.59,6.46,6.59,178430
2024-04-01,6.72,7.13,6.72,7.07,618140
2024-04-08,7.07,7.22,6.84,6.84,263876
2024-04-15,6.73,7.05,6.73,6.88,538385
2024-04-22,6.88,7.64,6.88,7.50,2467401
2024-04-29,7.50,8.45,7.45,8.20,2970767
2024-05-06,8.20,8.55,7.97,8.29,2628350
2024-05-13,8.45,10.72,8.10,10.72,8756590
2024-05-21,10.85,10.85,8.78,8.78,1758136
2024-05-27,8.34,9.17,8.03,8.42,5753072
2024-06-03,8.82,8.82,7.67,8.73,1900615
2024-06-10,8.95,10.25,8.59,9.81,3179946
2024-06-18,9.99,10.06,8.87,8.89,1962306
2024-06-24,9.17,9.23,8.34,8.76,1207652
2024-07-01,9.15,9.15,7.99,8.09,1189157
2024-07-08,8.28,8.40,7.68,7.91,1146418
2024-07-15,7.91,8.20,7.43,7.52,1167030
2024-07-22,7.52,7.67,7.14,7.67,1004771
2024-07-29,7.98,9.30,7.98,8.33,2172078
2024-08-05,8.29,9.26,7.91,8.79,1805087
2024-08-12,9.17,9.17,8.13,8.18,711044
2024-08-19,8.37,9.72,8.16,9.72,3173907
2024-08-26,10.21,12.35,9.49,12.35,9472950
2024-09-02,12.96,13.60,11.70,12.10,7213776
2024-09-09,12.10,12.10,10.98,11.52,1287951
2024-09-16,11.80,12.02,10.59,11.79,1759245
2024-09-23,11.60,13.62,11.60,13.21,6482118
2024-09-30,13.00,13.65,13.00,13.10,753042
2024-10-07,12.83,12.83,11.84,12.30,803178
2024-10-14,12.05,12.05,11.09,11.09,525474
2024-10-21,10.86,10.86,10.00,10.00,150509
2024-10-28,9.80,10.47,9.51,10.47,299210
2024-11-04,10.99,11.20,10.10,10.46,894165
2024-11-11,10.30,10.75,9.11,9.16,652610
2024-11-18,9.12,9.70,8.85,9.05,229489
2024-11-25,9.45,10.56,9.30,10.23,639570
2024-12-02,10.39,11.70,10.15,11.59,2170105
2024-12-09,11.59,12.80,11.38,12.38,4625425
2024-12-16,12.69,14.29,12.61,13.41,8601739
2024-12-23,14.04,14.04,12.34,12.40,2384905
2024-12-30,12.66,12.66,11.56,12.63,1434344
2025-01-06,13.10,15.39,12.90,14.30,4385948
2025-01-13,14.05,14.30,13.00,13.59,1879086
2025-01-20,13.15,14.89,12.38,13.14,1539710
2025-01-27,13.10,13.10,11.42,12.59,753677
2025-02-03,12.59,13.45,12.20,13.33,1128990
2025-02-10,13.30,13.40,11.93,11.93,1062110
2025-02-17,12.00,12.29,10.22,11.62,575826
2025-02-24,11.55,11.74,10.24,10.24,443708
2025-03-03,10.24,10.43,9.19,9.62,1029254
2025-03-10,9.96,10.48,9.17,9.34,549484
2025-03-17,9.50,10.20,8.87,9.78,816617
2025-03-24,9.99,10.39,8.31,8.61,2855279
2025-04-01,8.60,10.33,8.32,10.16,1589371
2025-04-07,9.60,11.13,9.22,10.17,837286
2025-04-15,11.18,12.54,10.90,12.08,3881478
2025-04-21,12.10,13.32,12.09,12.10,5263602
2025-04-28,12.05,12.27,10.67,11.35,1198703
2025-05-05,11.50,12.24,10.74,10.74,6380435
2025-05-12,11.14,13.02,10.90,13.02,2913398
2025-05-19,13.11,13.74,12.40,12.73,4546398
2025-05-26,12.82,13.40,12.31,12.85,1796220
2025-06-02,12.45,12.78,11.24,11.97,1566183
2025-06-09,12.14,13.00,11.11,11.58,1234682
2025-06-16,11.58,12.13,11.10,11.44,1181645
2025-06-23,11.01,12.45,11.01,12.17,11123379
2025-06-30,12.35,12.36,11.81,11.96,2269491
2025-07-07,12.10,12.10,11.10,11.17,1905955
2025-07-14,11.38,11.60,11.02,11.07,1719433
2025-07-21,11.05,11.25,10.56,10.59,1250607
2025-07-28,10.50,10.65,9.50,9.80,2159674
2025-08-04,9.99,10.12,9.11,9.40,1432003
2025-08-11,9.45,9.63,8.56,8.74,1936848
2025-08-18,8.88,10.56,8.75,9.42,5350016
2025-08-25,9.01,9.34,8.54,8.98,1595373
2025-09-01,9.24,9.24,8.70,8.91,1106725
2025-09-08,9.09,9.35,8.49,8.71,963253
2025-09-15,9.00,9.20,8.86,9.01,980468
2025-09-22,9.05,9.34,8.48,8.60,1516978
2025-09-29,9.39,9.39,8.34,8.43,848695
2025-10-06,8.60,9.49,7.85,8.91,3149188
2025-10-13,8.93,9.10,7.93,8.00,2251644
2025-10-20,8.29,8.45,7.91,8.10,605204
2025-10-27,8.23,8.40,7.60,7.94,1484117
2025-11-03,7.94,9.15,7.52,7.64,1280069
2025-11-10,7.64,7.74,6.82,7.06,4053357
2025-11-17,7.10,7.80,6.64,7.05,1927436
2025-11-24,6.98,7.72,6.51,6.68,1755790
2025-12-01,6.78,6.93,6.45,6.51,1197178
2025-12-08,6.64,6.67,5.90,6.28,1629152
2025-12-15,6.30,6.58,5.38,6.35,1024091
2025-12-22,6.36,6.67,6.20,6.38,849077
2025-12-29,6.50,6.50,5.92,6.23,1555376
2026-01-05,6.18,6.37,5.40,5.41,2593232
2026-01-12,5.59,6.55,5.10,6.55,6172355
2026-01-19,6.65,6.70,5.26,6.06,3259937
2026-01-27,6.44,6.44,5.51,6.08,1803010
2026-02-02,6.15,7.86,5.98,6.62,24306906
2026-02-09,6.94,7.80,6.28,7.41,8303376
2026-02-16,7.21,8.30,6.80,7.06,24329758
2026-02-23,7.00,9.09,7.00,8.44,8849079
2026-03-02,7.75,8.61,7.60,8.61,4341540
2026-03-09,8.36,9.05,7.91,7.98,3216317
2026-03-16,8.00,8.03,7.50,7.69,706712
2026-03-23,7.82,7.82,6.71,6.77,2447818
2026-03-30,6.89,6.95,6.34,6.89,471269
2026-04-06,6.76,7.90,6.76,7.88,1090636
2026-04-13,7.88,8.04,7.58,7.80,691453
2026-04-20,7.89,8.00,6.90,6.98,1982968
2026-04-27,7.10,7.19,6.70,6.96,743339
2026-05-04,6.96,7.14,6.70,6.95,931708
2026-05-11,6.90,7.15,6.40,6.57,910200
2026-05-18,6.57,6.65,6.07,6.50,745777
2026-05-25,6.75,6.75,6.25,6.49,450156
2026-06-01,6.75,7.33,6.50,6.98,1365702
2026-06-08,6.98,7.50,6.16,7.17,1368569
2026-06-15,7.49,8.00,6.26,7.10,3877273
2026-06-22,6.86,7.90,6.86,6.97,1205389
2026-06-29,6.97,7.12,6.69,6.84,2922553
2026-07-06,6.83,7.00,6.50,6.63,884689
2026-07-13,6.79,6.79,6.06,6.39,1076733
2026-07-20,6.30,6.50,5.96,6.01,1055836
2026-07-27,6.15,6.30,5.72,5.97,940333
2026-08-03,6.09,6.85,5.90,6.48,1713649
2026-08-10,6.94,6.94,6.21,6.30,2414671
2026-08-17,6.50,6.50,6.00,6.10,660952
2026-08-24,6.16,6.24,5.75,5.98,1302508
2026-08-31,5.98,6.13,5.85,5.87,604234
2026-09-07,5.91,6.06,5.80,5.94,571851
2026-09-15,5.90,6.35,5.62,5.69,809789
