Date,Open,High,Low,Close,Volume
2016-09-29,330.00,333.90,295.15,297.55,89058660
2016-09-30,297.40,312.40,293.05,310.25,12045590
2016-10-03,312.90,313.75,307.30,309.70,3169557
2016-10-04,308.95,309.55,303.50,304.25,3173993
2016-10-05,305.00,315.00,304.10,313.75,5485589
2016-10-06,314.85,322.80,314.00,316.55,5753209
2016-10-07,318.00,319.70,315.45,317.25,1009789
2016-10-10,319.10,326.95,318.10,324.60,3482805
2016-10-13,322.00,328.70,315.75,317.55,3088238
2016-10-14,319.70,328.75,319.15,327.35,2771778
2016-10-17,328.00,331.70,324.20,327.60,2153353
2016-10-18,329.20,333.00,328.45,330.90,2774228
2016-10-19,331.60,332.45,324.00,324.90,1227049
2016-10-20,325.90,329.40,322.55,324.00,946203
2016-10-21,324.85,329.40,323.05,326.85,1122150
2016-10-24,327.85,329.85,323.10,323.90,684940
2016-10-25,324.40,328.00,323.15,324.15,964425
2016-10-26,323.95,325.40,319.30,320.40,940792
2016-10-27,320.05,320.05,312.30,314.10,1243528
2016-10-28,313.00,314.35,307.00,308.60,1188812
2016-11-01,312.90,315.45,310.05,311.30,1028849
2016-11-02,310.00,310.60,305.05,305.75,881783
2016-11-03,305.05,307.80,301.60,304.05,1243070
2016-11-04,304.95,305.95,302.50,303.40,1157870
2016-11-07,305.80,307.90,302.65,304.90,1228091
2016-11-08,306.00,306.95,302.70,303.50,412371
2016-11-09,290.00,300.75,271.00,298.05,2590826
2016-11-10,302.95,314.90,301.00,313.70,2123137
2016-11-11,309.70,309.70,302.55,304.85,1313176
2016-11-15,304.85,305.00,295.00,297.20,1591246
2016-11-16,303.00,304.25,298.00,299.30,1270188
2016-11-17,300.00,302.50,293.00,293.50,1051062
2016-11-18,294.75,295.60,284.50,285.45,899512
2016-11-21,288.00,288.00,282.20,284.15,1285263
2016-11-22,285.40,290.90,281.20,289.05,1209797
2016-11-23,290.00,297.00,288.30,294.90,504169
2016-11-24,295.10,296.00,291.30,295.05,378291
2016-11-25,296.00,307.90,295.50,303.55,827475
2016-11-28,303.90,309.00,303.10,308.30,545827
2016-11-29,308.90,314.90,308.20,314.10,923896
2016-11-30,314.95,314.95,308.25,309.75,527033
2016-12-01,309.10,310.00,303.35,304.05,398945
2016-12-02,303.10,303.15,298.05,298.65,530891
2016-12-05,298.00,298.55,292.60,293.50,2962323
2016-12-06,293.50,296.90,292.25,293.50,286857
2016-12-07,294.50,295.50,292.00,292.65,287566
2016-12-08,293.75,298.45,293.55,297.05,384455
2016-12-09,297.70,299.55,293.55,294.95,490921
2016-12-12,295.00,300.30,294.50,298.90,1858187
2016-12-13,298.80,298.90,295.45,298.15,448043
2016-12-14,296.70,302.30,296.00,297.20,828122
2016-12-15,296.00,311.90,295.00,310.65,2601377
2016-12-16,309.95,312.00,305.70,310.55,1466142
2016-12-19,310.00,317.95,308.00,315.50,3045917
2016-12-20,313.80,319.90,312.50,318.25,1832659
2016-12-21,318.70,319.95,314.00,316.20,717254
2016-12-22,317.00,317.00,305.10,307.15,467785
2016-12-23,304.10,306.95,300.00,300.65,461339
2016-12-26,299.00,300.50,294.55,295.05,483325
2016-12-27,294.15,297.50,294.10,295.45,403888
2016-12-28,299.75,299.75,294.55,295.10,490137
2016-12-29,295.30,301.70,295.30,300.10,463260
2016-12-30,300.95,306.00,300.10,302.25,515022
2017-01-02,301.20,307.90,301.20,307.10,336913
2017-01-03,308.60,313.75,308.00,313.05,675149
2017-01-04,314.65,321.00,313.50,319.70,1583760
2017-01-05,320.95,328.70,320.30,326.75,1993192
2017-01-06,327.95,338.00,326.65,331.00,4655888
2017-01-09,331.00,333.25,326.10,329.05,787856
2017-01-10,330.00,336.50,329.40,335.55,1660190
2017-01-11,337.00,338.70,334.25,337.15,1609150
2017-01-12,337.80,338.25,330.65,334.55,537489
2017-01-13,334.60,336.40,330.95,331.90,360639
2017-01-16,330.10,334.00,330.00,331.15,495389
2017-01-17,332.00,335.65,330.10,331.70,548693
2017-01-18,334.85,343.00,332.70,340.00,3153477
2017-01-19,340.80,351.50,339.25,349.75,5040128
2017-01-20,347.70,362.00,346.60,359.40,5356347
2017-01-23,360.00,362.35,356.20,361.15,2539069
2017-01-24,360.00,363.50,356.15,359.75,2132140
2017-01-25,357.55,359.35,351.55,353.85,1595576
2017-01-27,354.00,356.35,352.50,353.90,1172267
2017-01-30,354.00,355.95,348.10,351.30,812733
2017-01-31,349.00,349.50,338.00,345.40,1209329
2017-02-01,342.50,359.90,342.50,358.95,1719603
2017-02-02,358.80,360.00,355.50,359.30,1097980
2017-02-03,359.30,362.00,356.70,360.15,896563
2017-02-06,357.50,368.75,357.50,367.45,1838252
2017-02-07,366.00,367.20,361.00,363.60,608870
2017-02-08,363.00,365.00,356.25,358.15,1761889
2017-02-09,357.55,360.80,352.10,356.45,516261
2017-02-10,357.80,362.15,348.15,350.20,1036168
2017-02-13,352.95,355.00,348.80,351.40,339348
2017-02-14,351.40,358.40,351.40,357.40,504941
2017-02-15,356.00,357.00,347.20,349.15,242565
2017-02-16,348.55,360.00,348.55,358.80,500182
2017-02-17,360.00,365.30,355.00,362.90,1026944
2017-02-20,362.00,362.80,357.20,358.45,221447
2017-02-21,358.00,363.00,355.55,356.80,269628
2017-02-22,358.00,358.10,350.00,351.80,301117
2017-02-23,353.90,360.40,351.85,357.85,446372
2017-02-27,358.75,364.00,357.05,362.50,1025217
2017-02-28,362.95,365.00,358.15,361.35,534927
2017-03-01,360.30,364.00,358.95,362.40,539631
2017-03-02,368.00,371.60,361.10,363.20,2018671
2017-03-03,362.95,365.10,359.10,362.60,512670
2017-03-06,363.60,370.45,361.25,369.50,1628485
2017-03-07,371.00,372.80,360.55,368.90,854942
2017-03-08,369.50,375.00,368.25,374.00,1536173
2017-03-09,372.00,378.00,369.40,372.65,1922978
2017-03-10,373.70,374.90,368.35,370.45,1134047
2017-03-14,374.90,375.90,372.20,374.75,2035563
2017-03-15,373.65,378.90,373.65,376.75,1202120
2017-03-16,377.00,378.90,369.15,370.20,766241
2017-03-17,371.50,375.90,365.15,371.30,11314050
2017-03-20,372.80,373.55,367.20,368.20,447618
2017-03-21,368.30,374.55,368.30,371.10,3806709
2017-03-22,369.10,369.45,361.25,364.10,614601
2017-03-23,365.00,368.30,364.45,367.80,553928
2017-03-24,368.50,374.90,368.05,374.05,672041
2017-03-27,373.80,377.00,372.60,375.10,680026
2017-03-28,374.50,376.50,369.00,371.60,333510
2017-03-29,371.50,373.90,368.80,370.90,237378
2017-03-30,370.95,375.45,370.90,374.35,1950487
2017-03-31,372.60,386.95,372.50,382.40,1180554
2017-04-03,382.55,386.35,381.00,385.35,338548
2017-04-05,386.90,399.45,386.05,397.75,1333735
2017-04-06,398.30,401.00,391.10,391.45,464507
2017-04-07,391.00,402.85,390.05,400.00,837076
2017-04-10,400.00,401.15,393.00,394.85,643998
2017-04-11,393.35,398.75,391.50,393.30,395927
2017-04-12,392.00,411.00,383.15,401.15,1234306
2017-04-13,401.15,406.00,396.20,404.30,1193931
2017-04-17,404.15,405.20,400.00,402.75,506568
2017-04-18,405.00,407.00,398.45,402.60,494894
2017-04-19,403.00,405.65,398.50,399.75,500685
2017-04-20,402.00,404.00,397.00,399.25,219296
2017-04-21,402.90,409.85,401.10,407.85,819153
2017-04-24,409.00,409.80,400.80,402.70,540438
2017-04-25,403.90,422.85,403.10,419.90,1607040
2017-04-26,422.05,424.00,395.00,401.25,1771631
2017-04-27,402.00,406.85,397.00,399.50,470937
2017-04-28,403.45,407.80,402.00,406.00,472949
2017-05-02,408.00,408.40,398.50,399.70,278792
2017-05-03,399.05,404.75,397.00,398.70,455632
2017-05-04,399.10,402.70,391.75,393.20,503425
2017-05-05,394.00,395.70,387.00,391.95,391334
2017-05-08,395.90,415.00,394.95,410.30,845382
2017-05-09,410.30,415.50,407.25,410.00,271823
2017-05-10,411.25,414.50,409.15,410.80,227293
2017-05-11,408.80,418.00,405.10,410.65,475934
2017-05-12,412.60,414.90,406.25,410.25,472820
2017-05-15,411.00,419.90,409.00,416.80,417009
2017-05-16,415.95,419.90,412.00,417.50,337174
2017-05-17,417.10,420.75,413.00,415.70,251906
2017-05-18,411.00,419.40,410.00,413.45,394445
2017-05-19,415.00,417.80,408.50,410.10,388933
2017-05-22,412.00,414.85,404.10,406.55,281945
2017-05-23,405.75,411.30,398.05,410.00,437279
2017-05-24,409.95,409.95,398.25,402.40,814120
2017-05-25,403.00,407.20,398.05,399.75,1769399
2017-05-26,403.95,407.55,398.05,400.20,629809
2017-05-29,400.55,401.80,393.25,394.80,441748
2017-05-30,397.00,403.00,394.00,401.60,1057727
2017-05-31,398.00,409.00,398.00,406.85,727428
2017-06-01,403.00,409.40,402.10,403.05,119366
2017-06-02,403.00,413.90,398.00,410.65,797368
2017-06-05,409.50,413.50,405.20,406.45,247310
2017-06-06,406.00,408.90,397.70,400.95,213689
2017-06-07,404.50,424.90,404.50,421.00,2430312
2017-06-08,422.50,428.00,418.05,421.25,744147
2017-06-09,422.50,436.00,421.00,434.60,983085
2017-06-12,434.60,435.00,420.75,422.75,372156
2017-06-13,426.35,432.40,422.75,428.90,480293
2017-06-14,428.05,446.50,426.25,437.05,1010693
2017-06-15,438.00,443.90,438.00,441.90,327885
2017-06-16,444.90,449.20,442.55,444.05,409466
2017-06-19,443.00,449.00,442.40,443.85,190031
2017-06-20,443.60,444.95,436.80,439.90,299387
2017-06-21,438.55,443.85,437.00,442.00,221685
2017-06-22,440.60,449.90,440.60,445.10,547435
2017-06-23,445.00,446.90,437.70,439.95,584947
2017-06-27,442.25,446.90,437.20,440.00,716409
2017-06-28,438.25,459.75,435.85,457.55,808440
2017-06-29,458.00,475.80,457.80,473.65,2472285
2017-06-30,468.35,484.80,460.05,471.60,1951474
2017-07-03,469.00,474.90,466.30,472.30,584556
2017-07-04,476.05,509.40,475.00,489.35,3140893
2017-07-05,490.95,501.85,490.95,494.45,2395805
2017-07-06,496.40,499.70,485.60,489.75,1144572
2017-07-07,488.70,489.60,479.00,482.85,1035870
2017-07-10,485.00,488.05,482.60,484.80,117903
2017-07-11,486.65,498.70,485.10,489.35,984677
2017-07-12,490.00,494.50,481.00,487.00,1021677
2017-07-13,487.40,493.75,483.20,486.25,1211517
2017-07-14,485.70,487.25,482.00,484.35,309227
2017-07-17,485.00,485.90,471.75,473.20,809231
2017-07-18,474.00,492.55,472.45,476.20,1645392
2017-07-19,478.85,480.40,471.10,474.25,540758
2017-07-20,474.05,475.80,460.25,461.50,1206408
2017-07-21,461.50,472.80,460.10,464.40,1082299
2017-07-24,466.45,474.00,462.80,468.60,809702
2017-07-25,472.25,472.25,464.05,468.10,847405
2017-07-26,472.00,474.80,448.25,450.35,3301351
2017-07-27,454.60,457.80,433.15,439.05,2306141
2017-07-28,440.05,452.85,437.15,448.00,1425701
2017-07-31,452.00,459.90,449.05,458.95,880996
2017-08-01,458.95,459.30,441.60,443.95,1109257
2017-08-02,449.00,449.00,440.00,443.50,1083062
2017-08-03,442.20,445.00,439.30,441.05,538981
2017-08-04,442.25,447.50,435.25,438.90,1361548
2017-08-07,439.25,442.30,436.00,437.40,474686
2017-08-08,437.60,439.15,426.30,433.65,975484
2017-08-09,431.20,432.00,423.40,425.75,596726
2017-08-10,425.30,429.00,411.25,413.80,934151
2017-08-11,410.00,430.00,401.90,427.35,1566785
2017-08-14,432.20,442.75,429.50,433.05,944543
2017-08-16,437.00,438.55,430.40,434.85,527448
2017-08-17,442.00,443.00,424.00,425.25,909768
2017-08-18,422.80,429.00,420.15,427.25,508891
2017-08-21,427.50,439.00,419.00,420.15,1023989
2017-08-22,423.70,424.85,417.60,418.95,514506
2017-08-23,421.05,424.00,419.55,422.15,386270
2017-08-24,422.65,426.50,421.15,422.90,379407
2017-08-28,423.00,435.00,423.00,431.50,980309
2017-08-29,429.50,430.00,423.00,424.30,524868
2017-08-30,425.45,429.35,425.45,426.95,561200
2017-08-31,426.05,432.55,425.15,426.90,628693
2017-09-01,429.90,445.95,427.40,443.35,2103374
2017-09-04,445.50,447.80,434.45,440.70,893650
2017-09-05,441.85,447.00,438.00,446.20,1166748
2017-09-06,445.50,446.00,440.10,441.20,1543588
2017-09-07,442.75,451.25,437.50,439.35,990061
2017-09-08,441.00,443.60,435.05,437.60,340738
2017-09-11,441.80,443.00,436.10,437.15,338764
2017-09-12,438.10,439.75,430.10,431.55,655806
2017-09-13,433.50,438.00,426.40,427.30,637665
2017-09-14,428.00,431.55,420.20,425.70,971893
2017-09-15,427.00,434.35,422.50,423.65,2035414
2017-09-18,430.05,431.00,422.15,423.70,1065342
2017-09-19,426.00,426.80,420.15,424.10,915546
2017-09-20,427.95,428.30,402.25,412.10,1712070
2017-09-21,410.50,412.00,399.00,404.95,2220598
2017-09-22,403.95,413.30,401.60,404.65,1363963
2017-09-25,405.00,408.90,384.80,388.90,1468848
2017-09-26,387.00,400.80,385.20,399.05,1455547
2017-09-27,400.00,404.00,387.35,391.00,898451
2017-09-28,391.00,391.15,378.50,381.35,2833355
2017-09-29,385.70,393.70,383.00,388.80,1816506
2017-10-03,394.65,415.90,392.10,413.20,5371452
2017-10-04,414.00,416.85,409.15,412.20,671618
2017-10-05,412.90,412.90,397.85,398.65,1464812
2017-10-06,399.50,402.75,397.15,399.40,728001
2017-10-09,399.40,407.00,399.05,402.50,1179943
2017-10-10,403.90,409.95,402.50,408.15,1039735
2017-10-11,410.00,414.80,402.00,403.85,1018584
2017-10-12,407.50,408.55,402.10,406.15,507748
2017-10-13,407.00,410.50,404.40,405.30,514223
2017-10-16,405.00,408.00,392.00,395.00,1233908
2017-10-17,395.00,397.40,391.05,391.90,1350862
2017-10-18,392.00,393.55,389.20,391.70,853223
2017-10-19,394.00,399.00,392.00,395.90,506787
2017-10-23,398.50,398.50,389.05,389.75,1180835
2017-10-24,390.90,395.15,388.95,390.45,888607
2017-10-25,395.20,400.00,385.55,389.25,2269044
2017-10-26,390.30,393.10,385.35,387.55,1302023
2017-10-27,387.65,397.60,387.65,396.50,954178
2017-10-30,398.00,408.00,398.00,404.70,1172734
2017-10-31,404.70,409.80,402.80,405.60,1212872
2017-11-01,405.90,409.65,398.70,401.80,1875351
2017-11-02,400.45,404.15,394.10,395.00,1353515
2017-11-03,395.00,396.00,385.00,387.15,1235280
2017-11-06,385.50,391.45,383.65,389.30,507284
2017-11-07,390.50,392.00,379.50,381.35,786083
2017-11-08,380.00,391.20,373.50,375.55,1739272
2017-11-09,376.35,381.80,373.05,376.30,803023
2017-11-10,375.90,380.95,373.00,377.35,618260
2017-11-13,376.60,382.35,374.75,375.55,946029
2017-11-14,374.80,376.60,370.10,372.05,840349
2017-11-15,372.00,382.50,370.55,377.50,1098577
2017-11-16,377.80,383.20,375.70,381.20,512993
2017-11-17,386.20,396.90,382.05,392.05,2492784
2017-11-20,396.75,396.75,386.10,389.25,640391
2017-11-21,390.00,406.40,389.80,397.85,3292524
2017-11-22,396.05,400.60,394.10,395.35,1118753
2017-11-23,387.00,387.00,375.65,379.85,3202500
2017-11-24,381.90,382.85,376.30,378.05,1332076
2017-11-27,378.00,382.30,375.60,381.45,1011354
2017-11-28,381.40,385.45,380.15,384.45,1644149
2017-11-29,384.25,386.00,374.10,375.05,1062412
2017-11-30,376.80,378.50,372.10,375.95,1428046
2017-12-01,375.20,379.65,368.10,369.65,697148
2017-12-04,370.00,371.50,364.25,367.95,760797
2017-12-05,363.30,374.00,363.20,372.55,669221
2017-12-06,370.10,371.95,365.45,367.30,710508
2017-12-07,367.70,373.00,367.20,371.20,916211
2017-12-08,372.90,378.90,372.05,378.05,1061956
2017-12-11,379.00,380.80,372.15,372.90,334496
2017-12-12,372.90,380.00,372.60,376.35,680054
2017-12-13,376.00,380.50,371.40,374.20,1134647
2017-12-14,375.00,380.85,372.00,379.25,867410
2017-12-15,379.80,381.80,376.80,379.40,733738
2017-12-18,375.00,385.00,370.10,380.85,596576
2017-12-19,381.65,397.90,380.55,395.30,1509529
2017-12-20,395.55,400.80,393.35,394.85,796818
2017-12-21,395.10,398.95,392.40,395.40,684910
2017-12-22,395.50,400.00,393.50,394.40,753718
2017-12-26,394.40,396.60,393.70,394.25,362694
2017-12-27,395.95,399.35,393.00,394.50,426467
2017-12-28,392.20,394.50,388.10,390.00,2910988
2017-12-29,389.80,394.45,381.45,383.60,1147533
2018-01-01,383.00,388.35,381.00,382.30,399791
2018-01-02,384.00,387.50,372.00,375.20,1028956
2018-01-03,375.50,382.40,375.50,376.70,561656
2018-01-04,379.45,383.05,376.00,379.90,1120810
2018-01-05,383.05,397.10,383.05,394.15,1232969
2018-01-08,396.00,414.00,394.25,411.80,2269846
2018-01-09,415.00,419.50,409.40,412.50,1645831
2018-01-10,411.90,413.55,407.00,410.00,1304588
2018-01-11,411.00,411.20,404.05,406.65,649438
2018-01-12,410.00,410.45,401.95,405.35,949799
2018-01-15,408.00,420.45,407.00,417.90,1614286
2018-01-16,420.00,424.45,411.25,412.25,1902052
2018-01-17,412.00,421.75,404.00,419.65,923257
2018-01-18,421.55,423.00,409.95,412.45,636099
2018-01-19,414.80,437.35,409.05,429.70,7344109
2018-01-22,434.65,448.35,433.00,438.75,7017568
2018-01-23,442.05,444.00,428.60,431.10,1240517
2018-01-24,428.80,449.85,428.25,434.60,4535641
2018-01-25,437.00,438.80,426.35,429.90,4890674
2018-01-29,432.00,436.00,415.25,417.20,1414943
2018-01-30,417.90,419.40,412.65,414.75,620560
2018-01-31,413.25,414.85,404.00,406.70,1439050
2018-02-01,408.00,429.00,397.40,424.90,3525925
2018-02-02,423.50,427.80,415.10,422.80,3555957
2018-02-05,410.00,426.00,395.00,423.90,1382538
2018-02-06,391.35,418.45,391.35,409.55,2466372
2018-02-07,419.00,428.70,412.65,422.30,873777
2018-02-08,421.00,429.60,417.10,420.70,987932
2018-02-09,411.00,421.75,410.80,415.10,665433
2018-02-12,415.95,423.55,414.20,416.00,940991
2018-02-14,416.00,420.80,408.25,409.85,561586
2018-02-15,410.90,414.90,405.30,406.70,474769
2018-02-16,409.95,409.95,399.60,402.20,412281
2018-02-19,406.00,408.60,399.05,403.35,778215
2018-02-20,407.00,407.70,400.05,402.30,536212
2018-02-21,404.00,410.90,401.65,409.05,492741
2018-02-22,408.00,408.55,399.60,400.80,554295
2018-02-23,404.00,409.75,402.20,408.50,536937
2018-02-26,410.00,416.35,408.65,415.40,769152
2018-02-27,415.95,415.95,409.20,413.75,384665
2018-02-28,407.10,415.00,407.10,412.80,1102032
2018-03-01,410.00,415.95,407.15,408.10,707831
2018-03-05,408.10,408.75,396.00,397.80,475388
2018-03-06,402.00,402.90,393.90,395.20,828632
2018-03-07,394.10,394.75,378.70,381.65,1228165
2018-03-08,384.90,391.60,382.85,388.30,612192
2018-03-09,390.00,396.90,389.25,390.50,935519
2018-03-12,393.00,393.05,380.55,385.90,782272
2018-03-13,387.50,390.35,382.20,385.45,2031569
2018-03-14,383.75,386.85,379.50,382.70,1358628
2018-03-15,382.00,385.55,380.25,382.80,528018
2018-03-16,384.00,384.00,376.50,377.95,783421
2018-03-19,377.80,379.85,370.35,372.30,312554
2018-03-20,371.30,373.90,368.20,371.20,484244
2018-03-21,373.00,385.75,372.80,381.75,1657822
2018-03-22,385.00,385.25,374.90,378.05,913607
2018-03-23,374.00,385.90,368.40,381.60,1205048
2018-03-26,380.80,384.70,373.15,382.90,663633
2018-03-27,385.00,393.05,380.00,390.10,1137298
2018-03-28,390.00,397.00,380.70,388.60,2847393
2018-04-02,389.50,390.00,376.15,384.70,1157554
2018-04-03,384.00,398.60,384.00,396.40,903448
2018-04-04,397.00,400.95,385.15,388.45,1676869
2018-04-05,393.50,397.00,390.35,393.75,651583
2018-04-06,394.00,403.45,392.80,400.90,561852
2018-04-09,400.70,404.80,398.35,400.65,304940
2018-04-10,401.80,402.50,392.70,395.35,416608
2018-04-11,396.00,404.00,394.00,399.90,728886
2018-04-12,397.60,402.90,394.00,395.70,352607
2018-04-13,396.75,398.00,392.85,394.75,200176
2018-04-16,390.00,395.95,388.00,389.45,962903
2018-04-17,393.00,393.00,381.30,383.20,585455
2018-04-18,385.50,392.00,380.20,381.90,1445512
2018-04-19,383.15,385.25,379.30,379.85,1221888
2018-04-20,382.40,382.40,372.00,374.10,1146826
2018-04-23,375.55,389.95,374.15,388.40,1664586
2018-04-24,388.45,431.95,378.65,418.15,14804954
2018-04-25,427.80,459.45,425.55,438.35,17414657
2018-04-26,438.35,438.35,426.25,431.05,3405885
2018-04-27,435.00,447.75,428.05,433.20,1574198
2018-04-30,433.00,434.95,423.40,426.30,745034
2018-05-02,426.10,439.50,426.00,434.10,3966227
2018-05-03,430.10,433.60,423.15,425.95,697822
2018-05-04,423.20,441.90,423.20,434.05,3131124
2018-05-07,441.00,455.40,436.10,449.05,4494678
2018-05-08,449.05,450.35,439.10,441.85,807434
2018-05-09,440.00,454.45,440.00,450.10,4283398
2018-05-10,454.90,456.40,449.40,451.15,2483102
2018-05-11,454.00,462.20,450.00,455.45,1995373
2018-05-14,454.95,456.30,440.05,444.00,496757
2018-05-15,444.00,453.55,441.50,445.60,1327876
2018-05-16,441.90,444.45,430.10,433.15,669838
2018-05-17,435.10,436.20,424.60,430.50,1171713
2018-05-18,427.55,432.15,420.45,422.10,1180334
2018-05-21,422.45,430.70,414.60,416.20,1569251
2018-05-22,418.00,421.75,414.30,418.85,971827
2018-05-23,420.00,423.00,407.45,408.35,1098625
2018-05-24,410.00,417.50,400.70,402.60,1519498
2018-05-25,404.80,422.00,403.55,420.00,652181
2018-05-28,423.00,428.95,417.55,423.70,594956
2018-05-29,424.70,425.80,415.00,418.25,362799
2018-05-30,413.90,423.35,412.70,420.85,616668
2018-05-31,422.00,429.75,420.60,422.50,1376030
2018-06-01,423.00,427.65,410.55,412.95,497783
2018-06-04,416.50,419.50,408.00,411.75,425113
2018-06-05,410.10,413.20,399.00,402.85,489575
2018-06-06,404.85,410.85,402.45,406.25,587209
2018-06-07,409.65,416.10,404.35,413.40,1046241
2018-06-08,413.05,421.75,412.00,420.45,714898
2018-06-11,418.80,422.80,414.95,416.90,695489
2018-06-12,415.10,425.90,415.10,422.00,964015
2018-06-13,422.00,426.05,407.40,410.35,2188061
2018-06-14,399.00,407.80,398.15,403.00,5895186
2018-06-15,399.95,408.05,399.00,401.20,4641785
2018-06-18,398.15,401.70,395.70,397.50,1416008
2018-06-19,397.60,398.65,384.50,389.95,1318552
2018-06-20,392.00,394.10,386.20,388.30,899056
2018-06-21,388.85,390.40,386.40,389.00,738173
2018-06-22,392.45,394.35,387.55,389.65,682401
2018-06-25,389.50,391.55,379.80,380.40,988064
2018-06-26,379.30,382.50,372.80,374.70,2381930
2018-06-27,376.40,380.95,374.00,375.80,1724437
2018-06-28,376.00,377.65,367.20,369.90,2743236
2018-06-29,370.40,380.10,370.40,377.30,1057114
2018-07-02,378.00,378.00,371.45,374.20,569727
2018-07-03,365.25,378.55,361.25,375.20,1989096
2018-07-04,377.25,377.25,368.50,370.05,821415
2018-07-05,370.80,373.55,366.20,367.05,722974
2018-07-06,369.95,370.90,366.55,369.45,363571
2018-07-09,371.25,374.95,371.00,372.15,581188
2018-07-10,374.00,376.55,372.30,374.70,434903
2018-07-11,370.50,374.10,364.80,365.45,688791
2018-07-12,366.50,370.25,360.10,362.50,1169293
2018-07-13,362.00,363.25,353.55,362.00,1151400
2018-07-16,366.00,366.00,350.45,352.70,1171064
2018-07-17,351.95,360.60,348.50,357.40,2029949
2018-07-18,358.80,360.80,353.25,356.20,1908476
2018-07-19,356.00,356.80,347.25,349.20,1429355
2018-07-20,348.00,358.00,347.30,355.85,814237
2018-07-23,356.50,377.30,356.50,374.80,1998530
2018-07-24,378.70,388.85,373.30,385.75,2584132
2018-07-25,371.00,411.60,371.00,403.60,11807094
2018-07-26,401.00,419.00,401.00,413.40,8770062
2018-07-27,414.45,416.55,406.05,411.75,1312454
2018-07-30,409.60,423.25,409.60,421.25,1990153
2018-07-31,420.20,422.75,413.40,418.55,1096474
2018-08-01,417.00,424.00,416.00,420.00,961357
2018-08-02,417.60,419.70,411.45,413.70,854010
2018-08-03,414.85,419.00,411.00,412.90,530471
2018-08-06,413.25,415.90,408.00,413.10,547916
2018-08-07,413.10,428.00,413.10,420.25,1983517
2018-08-08,420.00,420.00,409.15,412.95,673280
2018-08-09,415.50,416.95,411.50,414.10,450437
2018-08-10,416.80,417.30,404.00,413.55,766441
2018-08-13,409.85,410.60,405.00,407.25,505791
2018-08-14,407.10,409.00,397.55,399.30,759753
2018-08-16,399.00,399.00,386.25,387.60,1165682
2018-08-17,388.80,394.75,385.25,389.70,957221
2018-08-20,393.85,396.90,386.10,388.00,1515575
2018-08-21,390.90,390.90,383.20,384.90,1601223
2018-08-23,390.00,390.70,375.75,378.95,1383893
2018-08-24,378.00,380.00,372.70,374.20,811623
2018-08-27,375.40,384.45,375.10,383.70,839323
2018-08-28,380.00,383.40,378.50,380.00,741381
2018-08-29,380.85,385.00,380.50,382.55,628604
2018-08-30,382.65,384.00,375.50,377.10,1009670
2018-08-31,375.50,381.90,374.10,375.35,1324013
2018-09-03,375.50,385.85,375.40,380.65,891998
2018-09-04,380.40,381.60,368.00,368.95,867563
2018-09-05,366.00,371.05,358.20,368.50,2184023
2018-09-06,368.00,376.25,367.10,374.15,631555
2018-09-07,374.15,381.80,372.05,378.75,581367
2018-09-10,381.00,383.80,372.35,373.85,721594
2018-09-11,375.85,375.95,370.25,372.85,736603
2018-09-12,372.00,374.15,360.55,362.75,1295959
2018-09-14,365.45,381.70,365.30,378.85,2406915
2018-09-17,375.85,377.70,359.00,362.45,1809245
2018-09-18,362.80,362.80,357.05,358.45,1935766
2018-09-19,355.50,357.00,346.50,348.25,2900245
2018-09-21,354.00,354.00,327.55,338.75,4350996
2018-09-24,340.00,344.25,330.40,334.45,1586047
2018-09-25,330.05,353.75,325.65,349.10,2735026
2018-09-26,350.00,350.00,340.10,343.65,1440663
2018-09-27,344.00,348.15,335.30,337.50,1364518
2018-09-28,338.10,342.55,328.15,333.75,1761461
2018-10-01,331.00,333.45,322.25,330.40,1282617
2018-10-03,331.00,337.05,328.55,330.35,880648
2018-10-04,328.00,332.00,309.50,326.15,3021540
2018-10-05,325.00,328.00,313.35,321.20,1650839
2018-10-08,321.00,327.45,315.10,318.30,654470
2018-10-09,317.20,321.50,310.00,316.95,988089
2018-10-10,318.50,335.00,316.95,332.50,820475
2018-10-11,322.30,329.75,317.55,320.20,1026939
2018-10-12,323.00,329.45,316.85,318.40,1387309
2018-10-15,315.55,319.95,310.50,318.35,1280203
2018-10-16,321.90,331.40,317.10,329.55,1758885
2018-10-17,332.30,341.90,327.50,329.75,1383904
2018-10-19,328.55,335.60,324.25,328.30,848479
2018-10-22,332.00,333.25,315.00,316.50,912568
2018-10-23,313.00,328.30,313.00,323.85,1086684
2018-10-24,324.35,332.15,312.20,322.90,1903961
2018-10-25,318.00,320.50,315.10,317.70,1369004
2018-10-26,317.70,329.05,314.90,325.50,1205447
2018-10-29,327.00,334.00,323.60,333.20,1206562
2018-10-30,331.10,336.90,321.20,324.90,2264074
2018-10-31,327.75,334.50,323.10,332.75,893211
2018-11-01,334.00,348.15,331.15,346.25,1497791
2018-11-02,349.90,357.55,345.85,351.25,1728706
2018-11-05,353.00,359.90,349.95,358.90,844735
2018-11-06,359.70,362.50,354.20,358.90,726091
2018-11-07,359.70,362.00,357.05,359.85,75314
2018-11-09,359.40,363.90,355.60,358.45,881627
2018-11-12,358.50,362.00,347.35,350.05,1270118
2018-11-13,349.50,360.65,341.00,354.65,1190425
2018-11-14,351.70,351.70,329.15,336.60,3323359
2018-11-15,339.00,339.00,325.00,325.95,2595742
2018-11-16,327.45,334.70,325.10,328.50,1879180
2018-11-19,330.90,331.75,321.00,323.25,3040478
2018-11-20,325.00,326.90,319.10,321.00,500464
2018-11-21,324.70,324.70,318.95,321.55,391051
2018-11-22,321.40,323.80,319.20,320.05,636933
2018-11-26,320.00,326.90,319.95,325.10,1092201
2018-11-27,325.00,330.80,324.65,327.10,726019
2018-11-28,327.45,330.50,320.05,321.55,965817
2018-11-29,323.90,325.95,315.10,319.60,2797034
2018-11-30,321.00,328.35,316.60,325.25,890176
2018-12-03,327.25,327.25,319.60,321.65,282782
2018-12-04,322.00,324.90,319.00,319.60,329265
2018-12-05,319.00,322.30,316.25,318.20,755990
2018-12-06,317.00,317.80,305.10,308.20,1820747
2018-12-07,312.00,316.70,308.35,314.60,1149831
2018-12-10,312.00,312.00,304.00,307.20,1976393
2018-12-11,301.20,310.40,301.20,306.60,837367
2018-12-12,307.40,315.35,307.40,313.60,499518
2018-12-13,315.35,323.40,313.50,314.85,627363
2018-12-14,314.00,314.00,309.20,310.90,383075
2018-12-17,310.80,324.50,310.80,321.45,1088495
2018-12-18,320.95,323.45,314.20,314.95,996731
2018-12-19,317.00,318.60,313.65,315.50,1493014
2018-12-20,314.50,325.35,314.45,323.25,2146165
2018-12-21,324.45,329.40,319.05,326.85,1683650
2018-12-24,327.00,332.35,322.30,324.40,1157794
2018-12-26,323.50,323.75,315.50,321.45,435303
2018-12-27,326.00,327.55,320.75,322.85,1222379
2018-12-28,324.00,331.00,323.45,327.90,888126
2018-12-31,328.20,330.35,320.80,324.50,604759
2019-01-01,324.50,327.20,322.20,325.90,360248
2019-01-02,323.70,327.00,318.10,319.80,409481
2019-01-03,318.05,320.85,315.45,316.25,580055
2019-01-04,316.95,326.30,316.05,324.70,1026786
2019-01-07,326.15,328.55,319.00,319.95,1088274
2019-01-08,322.70,325.30,320.00,324.45,469102
2019-01-09,326.45,339.90,325.05,336.75,1983917
2019-01-10,338.00,354.00,337.30,348.50,3816361
2019-01-11,347.50,359.65,345.60,356.55,4202861
2019-01-14,354.55,354.95,346.65,350.50,809835
2019-01-15,347.30,358.50,343.80,352.85,1072726
2019-01-16,354.00,356.45,346.05,347.25,455954
2019-01-17,347.85,353.95,345.20,349.75,1149959
2019-01-18,350.15,353.20,342.50,351.15,486715
2019-01-21,352.45,355.50,348.55,351.65,782817
2019-01-22,353.00,353.85,343.45,345.00,878813
2019-01-23,330.00,337.00,301.20,305.40,22509682
2019-01-24,307.50,310.35,301.60,303.80,3408688
2019-01-25,304.60,308.35,295.25,299.40,3001422
2019-01-28,300.00,302.00,287.25,291.35,1726522
2019-01-29,290.90,297.40,288.55,294.40,1204397
2019-01-30,294.00,295.45,291.00,292.15,560770
2019-01-31,294.70,294.70,283.40,285.85,2719180
2019-02-01,288.00,291.55,282.40,285.80,1444692
2019-02-04,283.35,285.75,277.35,284.75,1138335
2019-02-05,283.60,287.80,281.15,286.30,1113849
2019-02-06,286.65,290.40,285.60,288.35,850787
2019-02-07,295.50,314.00,291.65,311.90,4919994
2019-02-08,308.50,317.00,306.85,313.60,2148588
2019-02-11,314.00,314.00,296.05,298.20,1239764
2019-02-12,296.00,307.85,295.55,298.65,1040063
2019-02-13,300.00,308.80,300.00,302.55,1096526
2019-02-14,304.80,305.85,301.10,304.70,649808
2019-02-15,303.95,313.50,299.65,303.00,1511537
2019-02-18,303.90,307.90,301.10,303.50,694259
2019-02-19,303.00,306.35,299.00,299.95,408249
2019-02-20,301.50,305.70,300.10,302.90,452836
2019-02-21,303.00,317.90,301.10,315.35,1113028
2019-02-22,318.00,319.00,312.85,314.90,1457390
2019-02-25,313.05,328.30,313.05,317.15,2385566
2019-02-26,315.00,315.95,304.75,312.05,1292569
2019-02-27,312.10,323.05,312.10,321.55,1482564
2019-02-28,324.25,325.00,317.45,319.60,1673384
2019-03-01,320.25,332.30,320.25,325.10,1603560
2019-03-05,326.60,332.25,323.05,327.35,1940935
2019-03-06,332.00,344.70,330.25,341.40,4728396
2019-03-07,340.95,340.95,327.70,330.20,3415324
2019-03-08,323.60,348.90,322.65,342.25,6848042
2019-03-11,343.10,350.25,340.15,344.35,2191779
2019-03-12,344.70,353.95,340.10,342.40,2624344
2019-03-13,344.00,344.00,332.70,333.80,1394813
2019-03-14,336.00,344.95,334.30,336.25,1183629
2019-03-15,337.00,343.30,335.10,340.55,1232849
2019-03-18,341.00,349.80,340.25,343.60,1269111
2019-03-19,344.95,351.80,342.95,344.65,1962361
2019-03-20,344.40,348.05,340.65,342.95,508156
2019-03-22,335.00,345.80,327.05,329.30,2991311
2019-03-25,327.00,329.65,320.20,322.00,1387702
2019-03-26,312.15,326.65,312.15,320.25,15870756
2019-03-27,333.90,354.00,332.15,349.20,22460639
2019-03-28,337.55,355.00,336.55,352.40,14594547
2019-03-29,351.10,355.55,347.40,350.25,2484789
2019-04-01,350.25,364.65,346.75,362.55,3113991
2019-04-02,363.90,371.50,363.55,369.15,3524383
2019-04-03,370.25,374.00,363.45,365.50,2678695
2019-04-04,365.80,365.80,359.05,360.75,1693763
2019-04-05,360.00,374.00,360.00,364.40,2508478
2019-04-08,364.40,367.55,362.10,364.55,1319427
2019-04-09,366.00,366.05,359.45,362.55,1147287
2019-04-10,359.00,368.75,357.45,363.85,1692209
2019-04-11,362.10,369.60,360.45,366.30,1099468
2019-04-12,367.20,368.00,363.55,364.95,1089854
2019-04-15,364.95,369.75,364.30,366.05,1071010
2019-04-16,363.00,369.35,362.40,364.70,1805064
2019-04-18,364.05,367.90,358.40,366.00,1583204
2019-04-22,363.95,376.30,362.70,369.10,3711783
2019-04-23,370.50,378.00,366.15,369.50,2349453
2019-04-24,369.50,370.75,360.55,363.20,868310
2019-04-25,362.00,380.25,362.00,367.70,6376155
2019-04-26,368.40,371.35,363.50,369.05,1237193
2019-04-30,366.70,372.50,363.25,369.30,1348447
2019-05-02,369.00,377.40,365.70,374.95,1866319
2019-05-03,376.00,377.25,371.00,372.05,875063
2019-05-06,372.05,376.45,365.00,368.75,745549
2019-05-07,368.10,373.30,363.00,365.00,589731
2019-05-08,361.25,365.35,354.65,356.90,1318064
2019-05-09,358.00,367.60,355.00,359.50,1250922
2019-05-10,361.65,361.70,351.00,352.10,1281570
2019-05-13,350.90,353.85,335.10,337.20,929738
2019-05-14,335.10,338.25,322.65,334.15,3043160
2019-05-15,337.90,346.70,336.15,339.05,1798144
2019-05-16,340.70,342.95,332.05,334.85,1124058
2019-05-17,334.65,343.10,332.40,339.25,943154
2019-05-20,345.00,362.30,343.60,357.30,1385238
2019-05-21,356.10,360.55,345.20,346.80,1318952
2019-05-22,347.10,352.35,343.70,347.00,1982318
2019-05-23,352.10,363.00,352.10,356.40,3281526
2019-05-24,357.00,389.95,350.55,369.80,5306806
2019-05-27,369.00,389.95,368.70,386.25,1802891
2019-05-28,387.00,390.00,376.60,386.00,1006870
2019-05-29,384.40,384.90,376.55,382.50,759445
2019-05-30,388.00,396.50,384.10,386.80,4532136
2019-05-31,389.00,394.90,380.30,387.75,3400155
2019-06-03,395.00,403.65,388.75,398.20,4198808
2019-06-04,398.50,399.20,389.70,394.80,1754137
2019-06-06,392.00,395.00,378.00,379.00,1005205
2019-06-07,376.00,388.00,376.00,385.55,1313248
2019-06-10,387.90,390.00,375.30,379.00,2072780
2019-06-11,378.65,378.65,364.10,371.05,2499445
2019-06-12,368.20,376.10,367.70,370.80,744430
2019-06-13,369.00,370.95,360.45,361.15,1451727
2019-06-14,364.70,366.00,358.05,359.15,1089342
2019-06-17,361.40,362.10,351.30,352.35,1194407
2019-06-18,354.60,361.65,351.50,359.70,880035
2019-06-19,361.70,367.65,361.40,365.40,2067424
2019-06-20,368.90,375.60,366.00,374.40,1584041
2019-06-21,376.90,387.10,375.15,383.75,2735487
2019-06-24,384.70,385.90,374.00,375.55,778337
2019-06-25,375.00,379.20,370.15,372.10,780514
2019-06-26,373.00,377.60,371.10,374.10,695150
2019-06-27,377.00,378.40,370.20,373.45,2334918
2019-06-28,375.25,390.00,375.25,388.65,3109542
2019-07-01,391.00,395.75,386.65,390.75,1938543
2019-07-02,392.05,393.90,388.85,391.30,1085560
2019-07-03,391.30,391.85,386.10,388.55,1106054
2019-07-04,388.55,396.50,387.15,393.90,1929820
2019-07-05,396.50,405.50,392.60,398.45,5204866
2019-07-08,396.00,399.00,379.20,381.45,1405411
2019-07-09,379.30,390.40,368.10,381.35,1880927
2019-07-10,378.20,380.00,368.50,372.90,1139796
2019-07-11,373.85,383.00,373.00,381.30,1146532
2019-07-12,383.55,390.30,381.50,385.20,1411180
2019-07-15,385.50,391.50,380.85,384.60,900904
2019-07-16,385.00,394.40,380.00,380.90,1376271
2019-07-17,382.95,391.65,381.20,389.55,889788
2019-07-18,391.00,392.40,382.50,383.70,1255005
2019-07-19,385.50,387.65,377.05,379.60,1059319
2019-07-22,379.55,382.50,372.95,375.85,753286
2019-07-23,377.70,386.00,374.75,383.10,759838
2019-07-24,386.05,389.65,379.95,383.20,2463124
2019-07-25,393.00,408.35,387.15,396.10,10741604
2019-07-26,396.10,404.80,396.00,402.55,6107028
2019-07-29,403.85,407.50,396.50,399.30,1682291
2019-07-30,397.05,401.00,396.00,398.00,1864795
2019-07-31,397.00,405.00,385.05,401.75,2114745
2019-08-01,402.00,410.90,384.25,390.30,5046329
2019-08-02,387.90,402.30,386.75,398.90,1686639
2019-08-05,395.95,395.95,382.55,392.05,1607898
2019-08-06,388.00,399.25,388.00,394.95,1973754
2019-08-07,397.60,400.00,394.80,397.35,1512425
2019-08-08,398.85,402.00,385.45,392.45,2258515
2019-08-09,393.65,398.25,390.30,395.50,2077217
2019-08-13,392.20,399.25,370.00,375.10,1606373
2019-08-14,374.00,390.00,365.90,385.25,5038878
2019-08-16,385.00,390.00,376.15,389.20,3361849
2019-08-19,390.00,397.35,387.35,388.95,2503567
2019-08-20,390.90,391.30,382.25,387.00,2194756
2019-08-21,387.00,390.80,384.40,385.70,1745664
2019-08-22,386.00,386.00,376.80,382.60,1825277
2019-08-23,379.90,390.40,373.45,386.60,2052764
2019-08-26,392.00,400.90,385.50,399.30,2275832
2019-08-27,401.00,408.80,395.70,398.95,2036385
2019-08-28,402.00,420.00,398.10,416.95,5222971
2019-08-29,420.00,425.00,413.80,422.55,3902128
2019-08-30,425.25,427.30,419.40,424.60,2503528
2019-09-03,421.95,426.50,419.25,423.55,2625275
2019-09-04,423.30,433.00,417.40,427.40,2286990
2019-09-05,432.00,433.45,425.25,426.75,2775743
2019-09-06,428.00,444.40,427.00,440.95,3625686
2019-09-09,441.45,445.25,438.50,442.35,1639728
2019-09-11,445.05,446.00,420.30,422.00,4646266
2019-09-12,422.00,427.50,415.90,419.75,2665012
2019-09-13,420.00,420.10,411.05,417.40,3552113
2019-09-16,415.00,422.80,412.65,414.50,2375692
2019-09-17,415.05,423.25,414.80,416.45,3142433
2019-09-18,418.10,423.35,418.05,421.60,2150947
2019-09-19,423.40,433.80,422.00,430.40,3280762
2019-09-20,430.20,441.75,425.30,434.75,3358322
2019-09-23,442.00,442.70,415.25,424.60,2776060
2019-09-24,424.60,431.75,418.45,427.40,1758874
2019-09-25,427.50,436.00,424.55,433.25,2277358
2019-09-26,436.40,454.30,435.55,449.50,4061632
2019-09-27,450.85,464.45,447.00,458.60,4270028
2019-09-30,460.10,471.70,460.10,463.50,3772287
2019-10-01,466.60,470.90,462.70,466.85,2560669
2019-10-03,465.40,474.00,464.10,468.75,2153461
2019-10-04,468.75,470.85,452.15,453.60,2195030
2019-10-07,455.00,458.90,450.00,452.50,1130878
2019-10-09,455.90,457.00,441.45,449.75,3125053
2019-10-10,449.80,454.25,443.45,446.55,2259559
2019-10-11,438.30,451.80,435.70,440.80,2602717
2019-10-14,445.25,458.00,442.90,449.55,2732743
2019-10-15,452.05,460.00,448.75,455.00,1700845
2019-10-16,455.95,470.15,455.75,465.85,2371707
2019-10-17,467.95,474.75,464.65,472.60,2527748
2019-10-18,472.50,478.00,467.20,476.75,2194880
2019-10-22,478.35,488.45,473.40,480.05,2590137
2019-10-23,481.10,487.90,478.40,485.20,3220051
2019-10-24,486.00,488.80,477.00,479.65,2034503
2019-10-25,480.00,488.90,474.00,485.15,2163730
2019-10-29,485.95,510.00,484.10,504.20,3630843
2019-10-30,504.80,514.45,498.20,512.90,2364564
2019-10-31,514.00,516.65,505.10,510.45,1827502
2019-11-01,512.90,522.75,506.50,508.65,2808012
2019-11-04,509.85,514.00,506.20,510.65,1507498
2019-11-05,511.25,519.00,505.10,509.90,2268137
2019-11-06,510.50,521.70,507.05,520.05,2762005
2019-11-07,525.00,526.70,514.20,518.10,2623595
2019-11-08,524.00,527.30,515.15,519.45,3950161
2019-11-11,520.00,527.00,519.30,524.95,1891144
2019-11-13,531.95,537.30,526.15,529.20,3677384
2019-11-14,531.00,532.05,519.05,525.40,2014684
2019-11-15,526.40,527.50,520.05,522.45,1882556
2019-11-18,522.50,528.95,517.65,520.65,1873461
2019-11-19,520.70,522.15,503.30,505.10,3448412
2019-11-20,506.40,510.65,501.55,503.30,2440249
2019-11-21,503.30,504.90,497.30,499.55,2326321
2019-11-22,501.90,501.90,493.60,497.60,2442942
2019-11-25,498.00,511.80,496.40,506.90,4690342
2019-11-26,509.40,510.10,490.60,497.00,38245001
2019-11-27,490.80,500.80,487.50,496.45,2328423
2019-11-28,498.45,502.55,495.00,498.15,1618349
2019-11-29,498.15,506.25,498.15,502.45,1781266
2019-12-02,499.00,502.50,495.40,498.55,865197
2019-12-03,500.80,506.30,498.00,504.80,2598813
2019-12-04,500.10,507.30,496.70,500.65,2704858
2019-12-05,500.70,502.45,490.35,494.90,1076898
2019-12-06,494.00,500.25,489.20,492.45,1253319
2019-12-09,492.75,493.90,484.60,489.65,1199233
2019-12-10,492.00,502.15,483.70,488.45,3900884
2019-12-11,490.10,491.85,483.60,490.10,1303947
2019-12-12,494.00,499.90,491.45,493.25,1806219
2019-12-13,496.00,499.00,493.45,495.70,1045943
2019-12-16,497.95,499.50,494.60,496.25,849205
2019-12-17,498.00,502.40,491.70,495.10,2680939
2019-12-18,497.10,498.65,492.70,496.80,1391020
2019-12-19,496.85,501.20,495.20,498.60,2393930
2019-12-20,498.85,500.15,492.60,498.45,2881163
2019-12-23,499.00,506.90,498.20,502.95,3900583
2019-12-24,505.80,505.80,498.50,499.95,1262917
2019-12-26,502.00,502.40,492.50,493.85,1026803
2019-12-27,493.25,494.80,486.75,488.80,1343787
2019-12-30,490.00,491.30,484.10,485.80,1157209
2019-12-31,485.00,487.05,480.80,482.45,1131161
2020-01-01,482.50,484.80,479.55,480.95,613516
2020-01-02,482.25,487.35,480.60,486.45,880457
2020-01-03,486.95,488.25,481.65,483.20,861600
2020-01-06,479.10,483.00,472.90,475.50,1271737
2020-01-07,476.20,484.80,475.00,476.70,1000612
2020-01-08,471.00,483.35,471.00,482.05,1162792
2020-01-09,487.50,487.50,478.00,483.80,1141789
2020-01-10,485.80,494.50,483.95,488.50,2164395
2020-01-13,490.90,497.90,486.90,496.95,1402916
2020-01-14,498.70,498.70,488.60,489.80,1244319
2020-01-15,489.10,491.35,485.60,489.85,679224
2020-01-16,491.80,494.65,488.20,492.20,1064498
2020-01-17,490.10,492.70,480.60,481.50,1776007
2020-01-20,481.95,493.90,481.50,488.30,1480886
2020-01-21,488.15,497.00,478.20,489.05,5575263
2020-01-22,492.00,512.00,488.45,506.50,6728623
2020-01-23,509.00,514.65,504.85,507.65,2950113
2020-01-24,505.50,521.80,505.40,519.95,3125941
2020-01-27,521.00,533.35,516.35,526.25,4856428
2020-01-28,527.90,533.90,524.30,526.65,1235648
2020-01-29,530.85,533.10,519.90,527.00,1328249
2020-01-30,527.95,528.45,513.50,521.70,1537081
2020-01-31,525.15,526.85,508.85,510.95,1053162
2020-02-01,510.95,514.90,444.00,451.35,10718104
2020-02-03,451.00,462.90,437.00,446.35,11367798
2020-02-04,448.40,474.45,445.40,470.25,4830011
2020-02-05,469.90,482.00,468.90,477.30,4084261
2020-02-06,480.20,500.55,480.00,488.00,4599692
2020-02-07,489.90,505.15,484.45,495.50,2184744
2020-02-10,495.20,495.50,480.20,484.05,908260
2020-02-11,487.00,490.50,474.00,482.20,1378341
2020-02-12,481.00,485.75,474.50,480.35,1260833
2020-02-13,480.00,481.50,471.60,479.10,1227451
2020-02-14,479.10,484.15,477.10,481.30,627842
2020-02-17,479.25,480.95,467.00,474.40,795066
2020-02-18,470.10,473.90,466.00,471.85,859469
2020-02-19,473.35,490.95,470.55,489.55,1184541
2020-02-20,490.80,504.00,490.80,495.00,1385523
2020-02-24,489.00,501.00,483.50,486.45,947108
2020-02-25,487.15,489.90,475.00,481.05,1146861
2020-02-26,479.45,489.05,470.70,475.65,1099701
2020-02-27,474.10,486.00,466.25,481.25,1433878
2020-02-28,475.00,478.00,453.70,471.40,2859332
2020-03-02,476.00,484.55,448.20,455.50,2033942
2020-03-03,456.00,462.90,448.00,455.65,1858745
2020-03-04,458.00,460.75,441.50,445.25,2156241
2020-03-05,445.50,447.50,430.75,432.70,3897680
2020-03-06,420.00,424.50,405.15,413.75,3850199
2020-03-09,401.00,406.75,381.20,393.35,3436940
2020-03-11,393.35,408.70,370.30,404.75,2485701
2020-03-12,384.00,389.95,361.95,371.95,3709092
2020-03-13,347.00,396.80,320.30,382.90,3358362
2020-03-16,372.00,391.50,355.05,359.65,1945935
2020-03-17,362.00,365.60,330.50,335.60,2214481
2020-03-18,334.00,336.90,287.35,301.35,3549571
2020-03-19,287.70,296.65,260.00,281.55,3768797
2020-03-20,288.00,313.00,282.10,304.20,4381098
2020-03-23,280.00,291.15,231.65,238.80,2275403
2020-03-24,249.00,262.65,226.10,254.45,4287147
2020-03-25,247.00,330.75,246.15,320.45,5002058
2020-03-26,312.60,368.00,312.60,329.30,4759122
2020-03-27,335.00,351.30,304.35,318.40,5097653
2020-03-30,305.00,337.85,300.40,333.60,3291921
2020-03-31,338.00,360.90,333.75,355.70,2771347
2020-04-01,351.00,367.95,340.35,342.60,1781590
2020-04-03,341.50,353.80,325.65,338.90,3435594
2020-04-07,346.85,360.35,337.40,357.25,3060156
2020-04-08,360.00,368.55,334.40,340.65,3970133
2020-04-09,349.00,354.65,334.05,342.55,3956917
2020-04-13,339.70,345.40,324.00,342.50,2574306
2020-04-15,344.50,355.60,325.25,328.95,2874352
2020-04-16,325.00,342.90,317.00,334.85,4089522
2020-04-17,345.05,372.65,343.50,369.95,5684533
2020-04-20,380.00,389.90,372.30,378.30,7660781
2020-04-21,369.35,375.00,357.05,370.40,2670354
2020-04-22,368.00,372.00,356.20,369.35,2581168
2020-04-23,371.95,386.90,359.80,361.30,2648105
2020-04-24,348.00,356.80,329.40,336.55,6324162
2020-04-27,346.20,384.50,346.20,377.50,13869760
2020-04-28,380.00,386.45,367.40,384.05,4346832
2020-04-29,386.75,405.30,376.35,402.40,6376398
2020-04-30,405.90,416.10,405.10,411.95,3287882
2020-05-04,391.25,399.60,387.35,391.40,3032638
2020-05-05,392.05,400.80,371.00,374.95,2481871
2020-05-06,374.90,403.35,370.95,394.55,4946436
2020-05-07,392.00,404.50,388.85,397.95,2427882
2020-05-08,400.10,413.00,398.00,400.10,2841396
2020-05-11,401.00,408.80,394.00,398.15,2520401
2020-05-12,397.00,405.45,391.05,399.15,1968126
2020-05-13,410.00,411.00,394.00,396.35,2490495
2020-05-14,396.00,401.85,382.45,384.20,1844584
2020-05-15,385.10,388.60,376.60,384.85,2220294
2020-05-18,383.10,384.00,356.75,358.85,2202813
2020-05-19,363.35,372.50,357.25,359.85,1631096
2020-05-20,361.10,368.25,360.10,364.05,3257659
2020-05-21,366.10,376.00,354.90,362.25,4500253
2020-05-22,362.25,369.35,336.70,345.05,4146071
2020-05-26,350.00,350.00,337.50,347.35,4502179
2020-05-27,349.40,355.40,342.10,353.90,4320826
2020-05-28,357.00,370.00,353.45,367.70,2687869
2020-05-29,369.05,397.00,365.45,393.10,5255281
2020-06-01,396.00,401.35,382.40,383.90,3421763
2020-06-02,387.95,389.35,379.05,380.40,1797460
2020-06-03,381.25,393.50,381.25,385.00,10639292
2020-06-04,387.25,392.65,380.15,382.65,4448808
2020-06-05,386.40,392.00,382.00,387.55,1765480
2020-06-08,390.60,405.50,389.95,397.85,5281131
2020-06-09,402.00,409.70,390.10,393.70,3525099
2020-06-10,395.00,403.45,393.05,396.95,2256020
2020-06-11,397.10,406.50,394.00,395.35,2589583
2020-06-12,380.00,403.50,380.00,400.95,2240478
2020-06-15,399.80,406.40,386.85,391.10,1891547
2020-06-16,396.00,405.40,388.40,395.45,2264468
2020-06-17,394.00,402.55,393.75,396.45,1444166
2020-06-18,395.50,399.40,390.95,394.40,2014504
2020-06-19,397.00,397.90,386.25,391.60,3459750
2020-06-22,419.00,419.00,399.35,407.00,3944304
2020-06-23,418.95,429.45,410.45,426.95,5202676
2020-06-24,430.45,441.45,428.15,430.65,4199691
2020-06-25,431.90,433.50,423.00,428.25,2475433
2020-06-26,429.50,434.75,420.15,423.35,1381754
2020-06-29,423.35,424.15,408.50,410.35,2637233
2020-06-30,413.00,428.00,412.00,425.80,2693892
2020-07-01,426.00,428.20,417.15,419.65,1337800
2020-07-02,421.70,426.95,420.50,425.40,824637
2020-07-03,429.00,443.55,427.00,433.50,3831136
2020-07-06,437.50,437.50,429.30,435.20,4221260
2020-07-07,437.00,442.60,432.00,433.65,1344236
2020-07-08,436.00,439.00,425.05,427.50,1113679
2020-07-09,427.50,435.50,427.00,433.25,1068182
2020-07-10,425.00,432.70,415.80,417.45,3885699
2020-07-13,420.00,425.25,419.00,423.75,1572733
2020-07-14,427.00,436.90,419.35,422.05,3868335
2020-07-15,425.85,432.40,419.10,420.90,1869516
2020-07-16,423.90,431.95,418.75,430.25,1134692
2020-07-17,435.00,443.80,429.35,440.35,3039454
2020-07-20,444.40,450.00,434.15,436.30,2819864
2020-07-21,441.50,446.25,423.60,442.90,5693601
2020-07-22,447.00,447.95,435.40,442.20,3571270
2020-07-23,443.65,452.65,443.00,450.80,4113950
2020-07-24,447.70,450.00,436.10,440.00,2303790
2020-07-27,440.10,461.00,434.45,457.75,3352089
2020-07-28,459.45,463.90,449.10,452.05,2637278
2020-07-29,450.25,453.45,445.00,449.25,1755877
2020-07-30,453.05,455.15,445.00,452.90,2280249
2020-07-31,454.30,460.65,449.60,452.25,2209106
2020-08-03,450.00,453.55,436.85,438.90,2153510
2020-08-04,440.00,456.20,438.30,453.95,2316514
2020-08-05,455.00,464.40,454.25,461.70,2112026
2020-08-06,461.70,475.00,461.70,471.60,2910502
2020-08-07,474.00,476.60,462.40,470.40,2461030
2020-08-10,473.00,486.15,470.60,482.25,2132929
2020-08-11,485.00,487.00,475.05,477.20,1498774
2020-08-12,473.95,482.45,470.10,477.45,2551006
2020-08-13,480.00,481.00,468.80,470.70,1788405
2020-08-14,468.80,471.50,455.50,458.95,1793998
2020-08-17,460.00,462.70,449.40,453.25,1248353
2020-08-18,451.05,456.90,450.05,453.85,1437852
2020-08-19,455.05,461.85,453.20,454.55,1728150
2020-08-20,450.00,452.85,438.05,439.10,2208998
2020-08-21,443.15,451.90,443.15,447.50,1828074
2020-08-24,448.80,455.95,442.35,443.60,1524566
2020-08-25,445.00,448.55,440.15,446.35,841304
2020-08-26,448.00,452.30,442.00,449.25,897471
2020-08-27,451.00,452.95,446.65,449.00,1525130
2020-08-28,449.10,460.50,449.10,451.30,1909653
2020-08-31,450.00,454.90,418.60,422.65,4213311
2020-09-01,423.00,435.80,422.20,430.25,1805675
2020-09-02,428.00,441.90,427.25,437.90,2262311
2020-09-03,437.70,445.00,436.00,438.65,1417938
2020-09-04,434.00,434.00,416.20,420.90,3290185
2020-09-07,421.00,431.60,420.05,424.85,2357282
2020-09-08,422.00,448.00,421.70,442.20,4886769
2020-09-09,434.80,441.85,430.15,434.40,2676841
2020-09-10,436.00,450.00,435.05,447.15,2205719
2020-09-11,449.40,452.70,435.20,439.15,2489984
2020-09-14,443.85,445.00,428.10,430.35,1630656
2020-09-15,432.65,436.00,424.75,427.40,1361796
2020-09-16,426.00,437.85,425.20,434.85,1136111
2020-09-17,433.80,437.30,425.10,426.50,840918
2020-09-18,427.20,430.60,417.65,421.75,1304148
2020-09-21,421.55,423.30,408.50,413.20,1210600
2020-09-22,414.00,415.60,399.55,403.25,1413911
2020-09-23,406.75,410.40,400.65,408.70,1264534
2020-09-24,407.00,415.35,403.30,414.25,2362163
2020-09-25,417.00,417.45,397.55,414.85,3499493
2020-09-28,417.30,424.45,414.50,420.45,1281552
2020-09-29,419.85,429.55,419.70,423.05,1582603
2020-09-30,421.25,426.70,411.60,420.90,1311729
2020-10-01,422.70,432.45,422.00,423.40,1064236
2020-10-05,425.00,426.95,416.40,420.10,2388551
2020-10-06,422.20,432.00,422.20,430.75,1358416
2020-10-07,432.00,442.55,431.40,433.65,3051892
2020-10-08,435.00,439.40,428.20,433.65,1460686
2020-10-09,435.80,435.80,425.40,429.55,1234329
2020-10-12,430.40,432.45,416.70,418.85,1381848
2020-10-13,418.00,422.20,408.50,415.55,2820407
2020-10-14,415.00,426.50,404.45,425.15,3084886
2020-10-15,424.75,429.00,414.05,418.80,1116653
2020-10-16,418.00,424.00,412.25,414.75,875597
2020-10-19,416.00,425.50,413.40,423.25,966621
2020-10-20,423.00,426.10,418.55,421.55,729812
2020-10-21,423.00,424.55,405.00,411.60,2703594
2020-10-22,410.00,416.05,408.90,414.00,2477603
2020-10-23,416.05,416.90,406.70,408.70,2334260
2020-10-26,410.80,414.25,401.25,404.70,1352606
2020-10-27,406.10,415.00,404.10,412.20,2033543
2020-10-28,421.20,422.15,403.45,408.90,3122579
2020-10-29,404.75,410.00,403.65,408.15,1295065
2020-10-30,410.85,411.00,398.20,403.35,2493325
2020-11-02,406.90,407.55,399.35,403.40,1490428
2020-11-03,404.95,411.50,404.10,409.70,3725793
2020-11-04,409.70,410.00,404.20,409.70,1470667
2020-11-05,411.80,417.95,409.20,413.60,2721997
2020-11-06,413.50,421.75,413.50,417.70,2449403
2020-11-09,420.25,427.00,413.65,422.05,2729910
2020-11-10,424.00,430.00,414.70,421.45,3364819
2020-11-11,424.40,440.45,423.25,428.55,3399125
2020-11-12,428.55,433.50,424.90,429.45,1368062
2020-11-13,430.00,435.00,428.05,432.65,1825808
2020-11-14,436.30,436.85,431.75,433.55,197971
2020-11-17,435.60,451.00,434.15,448.95,2142043
2020-11-18,448.45,456.65,443.35,455.05,2127228
2020-11-19,452.00,460.45,438.90,441.30,1742869
2020-11-20,443.00,456.00,442.05,453.60,1659915
2020-11-23,455.80,459.45,450.20,453.25,1029608
2020-11-24,455.00,457.50,445.35,449.35,1991007
2020-11-25,451.00,459.70,444.20,447.80,2646516
2020-11-26,447.50,456.80,447.15,454.40,1396990
2020-11-27,456.00,459.00,440.00,441.70,3164067
2020-12-01,449.00,459.00,442.75,457.35,2368793
2020-12-02,458.00,476.00,458.00,467.60,6009102
2020-12-03,470.10,478.50,468.40,477.45,1915853
2020-12-04,478.80,480.85,470.30,476.20,950378
2020-12-07,479.05,492.90,475.85,482.25,3124865
2020-12-08,482.15,486.30,472.55,483.30,1903077
2020-12-09,485.40,488.40,477.00,486.85,1801377
2020-12-10,487.45,499.00,484.85,496.55,3993397
2020-12-11,496.95,503.10,490.35,498.65,2677102
2020-12-14,500.00,500.40,484.90,490.25,855417
2020-12-15,486.00,490.75,478.45,480.15,4258886
2020-12-16,481.80,488.00,481.20,486.25,2329667
2020-12-17,488.00,489.40,479.25,482.15,1180321
2020-12-18,482.80,487.50,475.65,482.55,1855414
2020-12-21,482.00,485.55,458.40,469.20,2098235
2020-12-22,466.25,483.95,458.60,482.50,2183487
2020-12-23,483.95,490.00,482.50,484.75,1561748
2020-12-24,487.10,508.00,484.80,496.15,3762372
2020-12-28,499.80,504.50,491.25,500.95,1180403
2020-12-29,505.20,506.00,495.50,499.95,829722
2020-12-30,500.00,502.40,491.40,498.75,763177
2020-12-31,498.70,502.00,492.30,498.85,1009696
2021-01-01,501.00,501.40,496.25,498.70,406883
2021-01-04,500.20,505.95,494.50,503.90,2045373
2021-01-05,505.50,515.00,503.30,507.50,2875138
2021-01-06,512.00,518.85,504.15,510.40,2500109
2021-01-07,512.95,517.50,506.05,509.70,1291499
2021-01-08,512.95,534.50,512.95,525.90,3319428
2021-01-11,529.45,537.90,521.90,526.15,2618209
2021-01-12,526.00,526.00,518.30,521.65,723061
2021-01-13,528.00,529.40,505.15,509.70,1946749
2021-01-14,512.65,517.00,506.55,508.95,1624080
2021-01-15,512.60,524.00,497.80,499.70,3485884
2021-01-18,499.70,513.15,497.95,506.90,3612852
2021-01-19,510.00,518.50,509.00,515.55,1948275
2021-01-20,515.55,526.00,513.75,515.25,1645065
2021-01-21,516.15,519.85,503.85,506.10,1384253
2021-01-22,505.00,510.90,500.00,501.90,1315963
2021-01-25,503.85,512.25,496.95,501.90,2495065
2021-01-27,506.90,507.25,497.60,499.05,2814565
2021-01-28,498.55,501.20,487.15,490.90,2959988
2021-01-29,491.10,502.00,477.70,481.00,2862687
2021-02-01,482.35,510.45,477.70,489.45,6411426
2021-02-02,492.00,498.85,473.35,475.00,6208284
2021-02-03,477.00,485.90,470.45,478.50,6378685
2021-02-04,482.90,488.20,472.55,476.60,4918494
2021-02-05,477.00,484.50,470.05,472.35,2196185
2021-02-08,474.00,480.95,472.05,476.80,2499143
2021-02-09,479.80,484.90,473.25,476.85,2723616
2021-02-10,481.00,484.00,471.60,476.15,4595501
2021-02-11,478.70,493.55,478.45,491.25,6173851
2021-02-12,495.00,497.95,485.00,487.25,3278557
2021-02-15,492.20,497.00,485.20,486.35,1357245
2021-02-16,488.70,495.45,486.15,490.75,1989191
2021-02-17,493.70,503.50,486.60,488.30,2433135
2021-02-18,491.00,494.95,484.85,486.20,2124979
2021-02-19,487.00,497.45,479.30,485.45,3191423
2021-02-22,482.00,490.00,462.55,465.75,2034807
2021-02-23,464.55,473.45,460.00,470.90,2835512
2021-02-24,470.00,479.05,462.00,477.60,1214764
2021-02-25,476.50,494.00,475.35,477.65,2844315
2021-02-26,474.70,474.70,457.85,461.55,2901531
2021-03-01,464.05,477.20,464.05,472.15,2102226
2021-03-02,475.00,480.15,471.50,477.15,1389228
2021-03-03,482.00,491.95,477.00,490.20,3116160
2021-03-04,484.90,501.00,482.60,497.65,3012310
2021-03-05,498.00,498.55,481.10,483.50,1777392
2021-03-08,489.00,489.00,477.85,479.05,2392708
2021-03-09,477.50,497.80,477.40,486.20,4139045
2021-03-10,488.95,490.55,481.00,484.00,1617245
2021-03-12,485.00,485.70,461.00,461.80,6200011
2021-03-15,462.00,463.90,440.00,450.25,8306079
2021-03-16,452.00,452.95,442.70,443.90,1879451
2021-03-17,445.25,445.85,425.00,426.55,5588690
2021-03-18,431.00,433.90,420.30,422.05,2464248
2021-03-19,421.15,432.65,418.50,430.05,3347335
2021-03-22,430.20,439.10,430.00,437.75,3393413
2021-03-23,439.75,443.50,434.25,435.95,2036779
2021-03-24,432.95,437.40,428.40,429.80,1996824
2021-03-25,431.90,438.95,425.65,430.05,2524740
2021-03-26,434.50,440.00,429.50,430.65,2063367
2021-03-30,436.40,440.80,430.30,431.75,2227776
2021-03-31,431.75,448.65,431.75,445.60,3348293
2021-04-01,447.45,449.05,437.50,444.35,1520418
2021-04-05,446.50,446.95,433.50,436.70,2524024
2021-04-06,438.00,451.55,437.50,448.50,1420980
2021-04-07,448.90,457.50,448.10,455.85,1452862
2021-04-08,457.90,460.15,452.00,454.85,1478920
2021-04-09,455.10,461.00,450.50,455.50,1378413
2021-04-12,448.15,450.00,431.30,443.70,1903602
2021-04-13,444.00,460.65,442.05,458.90,1962407
2021-04-15,458.50,462.85,444.10,456.00,1593383
2021-04-16,455.80,465.50,446.60,451.05,3824516
2021-04-19,449.00,454.50,432.85,452.05,1378019
2021-04-20,465.50,514.90,465.50,477.95,23054764
2021-04-22,477.90,494.10,474.20,492.75,3559359
2021-04-23,493.50,525.80,489.25,512.40,13678921
2021-04-26,517.10,547.00,506.25,543.90,10662743
2021-04-27,546.80,546.80,520.35,526.70,5801452
2021-04-28,526.70,537.90,518.30,520.85,3512690
2021-04-29,527.65,532.35,521.50,524.50,1999450
2021-04-30,521.05,534.50,517.15,521.95,2220242
2021-05-03,521.95,554.70,520.10,551.70,5827600
2021-05-04,555.00,565.45,540.75,553.70,6399340
2021-05-05,561.00,574.70,551.50,559.40,5896393
2021-05-06,560.00,570.00,554.00,564.55,5263339
2021-05-07,566.00,577.85,558.50,561.75,2475435
2021-05-10,561.30,564.80,552.15,556.30,1639057
2021-05-11,553.00,574.50,552.00,572.60,2049687
2021-05-12,570.90,570.90,553.85,556.00,2087721
2021-05-14,555.00,563.00,550.20,560.15,2324690
2021-05-17,562.00,567.90,546.00,548.70,1902960
2021-05-18,550.20,558.85,546.00,548.05,1713218
2021-05-19,546.00,551.55,538.60,544.30,2703510
2021-05-20,549.75,557.55,540.00,541.90,1951638
2021-05-21,544.10,547.55,540.10,544.90,821007
2021-05-24,543.25,555.95,542.20,553.80,1138695
2021-05-25,558.00,558.80,529.60,531.15,3754856
2021-05-26,534.00,544.90,524.10,525.90,2752131
2021-05-27,527.00,539.75,521.25,527.35,4384125
2021-05-28,532.00,549.55,530.50,546.70,2950615
2021-05-31,549.60,556.00,543.85,554.25,3587349
2021-06-01,554.50,558.95,550.20,552.00,1485979
2021-06-02,553.00,569.70,553.00,566.10,2704314
2021-06-03,566.10,572.00,560.00,569.70,2285297
2021-06-04,572.25,581.00,570.25,578.25,2107895
2021-06-07,581.10,584.65,575.60,582.15,1608520
2021-06-08,580.00,588.85,571.40,573.70,1946167
2021-06-09,577.00,582.75,569.30,571.15,1846102
2021-06-10,572.00,585.00,571.40,581.40,1425876
2021-06-11,583.80,588.90,574.05,579.75,1354494
2021-06-14,578.00,593.35,567.20,587.90,1862163
2021-06-15,592.95,592.95,584.60,587.60,939062
2021-06-16,583.40,591.05,575.90,577.80,1195389
2021-06-17,571.00,593.00,569.80,589.95,1804775
2021-06-18,593.10,596.95,576.25,580.00,2113630
2021-06-21,568.00,585.00,568.00,579.30,2011823
2021-06-22,582.80,607.50,578.05,602.45,3708975
2021-06-23,606.55,613.50,599.30,605.35,3056544
2021-06-24,606.00,611.25,600.00,601.05,1784584
2021-06-25,600.00,621.80,599.00,616.25,1877031
2021-06-28,620.00,621.95,612.25,619.60,1885634
2021-06-29,619.00,619.00,611.00,614.70,1327365
2021-06-30,617.20,625.60,609.85,612.70,1404940
2021-07-01,612.50,617.90,611.65,614.35,469541
2021-07-02,615.00,624.00,609.50,619.40,821683
2021-07-05,626.00,626.85,617.25,621.25,943166
2021-07-06,622.00,634.45,620.20,627.10,1891013
2021-07-07,625.95,635.40,620.00,628.05,1025597
2021-07-08,627.95,634.75,614.30,621.10,1486586
2021-07-09,622.00,622.70,609.10,613.35,1547983
2021-07-12,615.00,630.00,613.75,625.50,701501
2021-07-13,629.00,630.60,621.00,626.25,807672
2021-07-14,627.50,633.05,624.25,632.05,1043356
2021-07-15,634.00,634.80,620.80,622.65,867416
2021-07-16,623.50,630.40,616.75,627.05,730879
2021-07-19,623.00,629.45,618.00,626.25,578318
2021-07-20,625.00,625.35,601.60,604.80,1206624
2021-07-22,625.00,661.00,622.00,635.40,10227856
2021-07-23,636.25,647.50,632.00,645.05,1788239
2021-07-26,644.45,650.00,639.25,646.80,991364
2021-07-27,640.75,657.90,639.30,653.80,1211793
2021-07-28,655.00,657.00,645.00,652.60,833274
2021-07-29,652.50,659.55,633.65,636.35,1739712
2021-07-30,638.40,647.70,631.30,632.95,1123140
2021-08-02,640.80,645.00,631.00,633.85,811129
2021-08-03,638.00,652.40,632.25,651.00,1322970
2021-08-04,653.40,684.70,653.40,669.75,6731389
2021-08-05,670.00,673.20,648.85,650.50,1116383
2021-08-06,651.60,656.75,646.80,650.95,736948
2021-08-09,646.95,654.90,645.15,651.90,761420
2021-08-10,652.00,668.00,651.55,658.70,2172833
2021-08-11,659.80,661.00,633.85,656.40,1255215
2021-08-12,652.00,672.30,645.00,669.60,815791
2021-08-13,672.00,675.50,668.60,671.40,1062164
2021-08-16,674.00,678.95,666.85,671.80,1183870
2021-08-17,668.20,679.25,664.75,676.30,1263490
2021-08-18,677.80,694.50,677.05,680.70,1706339
2021-08-20,676.50,688.95,662.00,666.20,1402309
2021-08-23,666.00,683.90,653.75,681.45,1168916
2021-08-24,683.30,686.80,663.00,669.00,1738142
2021-08-25,672.45,673.85,653.55,655.40,1366058
2021-08-26,651.10,656.75,645.30,651.85,2039779
2021-08-27,652.65,661.95,649.00,656.15,3004366
2021-08-30,655.00,673.90,655.00,659.00,2694191
2021-08-31,661.45,666.00,648.70,659.10,7583164
2021-09-01,659.10,668.80,656.60,658.45,2107316
2021-09-02,658.00,680.00,651.00,676.10,6392642
2021-09-03,681.70,708.00,679.05,697.75,5187411
2021-09-06,704.65,704.65,690.30,693.95,1432370
2021-09-07,693.80,714.60,689.70,702.10,4375348
2021-09-08,705.50,724.30,703.65,717.15,5081027
2021-09-09,716.45,718.00,694.50,696.70,1399121
2021-09-13,694.95,697.80,684.05,693.40,831384
2021-09-14,698.80,700.25,687.50,689.90,630884
2021-09-15,689.90,698.00,689.05,695.50,699280
2021-09-16,698.00,707.40,691.40,699.70,899461
2021-09-17,702.00,707.00,692.55,703.55,977353
2021-09-20,693.00,702.00,676.00,678.55,517449
2021-09-21,677.00,696.60,670.40,692.30,1011972
2021-09-22,694.95,698.55,685.80,687.85,836209
2021-09-23,697.20,700.00,679.30,685.75,724882
2021-09-24,686.00,693.50,670.50,673.50,1497500
2021-09-27,660.20,678.60,659.20,663.65,1456389
2021-09-28,665.55,678.15,661.25,664.00,1058564
2021-09-29,663.00,678.50,659.80,673.00,809602
2021-09-30,672.70,680.70,666.80,671.85,1038409
2021-10-01,673.75,673.75,658.00,667.80,983466
2021-10-04,667.80,679.90,660.40,676.50,1102024
2021-10-05,672.50,685.50,667.95,678.90,1004027
2021-10-06,681.65,692.55,677.35,678.65,833771
2021-10-07,681.00,687.00,676.55,681.65,577123
2021-10-08,682.00,684.55,659.10,660.15,1516358
2021-10-11,657.00,666.00,650.05,661.50,1380146
2021-10-12,659.00,667.35,655.20,661.70,735067
2021-10-13,663.00,668.55,655.20,656.80,597205
2021-10-14,660.00,661.95,650.00,651.95,1644981
2021-10-18,658.50,678.00,653.00,673.50,1804000
2021-10-19,679.70,682.45,655.55,659.70,1404126
2021-10-20,653.00,661.35,619.15,631.75,4806465
2021-10-21,637.90,643.90,625.00,629.30,890185
2021-10-22,632.00,637.85,619.00,620.50,854607
2021-10-25,620.50,624.00,609.55,621.00,1636443
2021-10-26,617.50,629.00,617.50,622.65,760306
2021-10-27,625.45,642.00,624.70,631.95,2113722
2021-10-28,629.90,635.80,612.55,617.50,958101
2021-10-29,617.00,624.85,609.50,618.40,849041
2021-11-01,622.00,629.50,613.20,626.20,679137
2021-11-02,628.00,633.30,622.30,631.50,749345
2021-11-03,632.00,638.00,619.20,623.30,1196466
2021-11-04,623.30,628.40,622.35,627.20,62521
2021-11-08,631.00,661.25,629.90,655.25,2511660
2021-11-09,660.70,660.70,646.85,651.30,654373
2021-11-10,646.35,657.70,641.75,646.40,1651015
2021-11-11,646.30,646.40,637.30,642.05,828847
2021-11-12,648.35,679.95,642.20,672.60,4491815
2021-11-15,677.00,677.00,661.10,664.25,969921
2021-11-16,661.50,664.80,650.40,653.35,831042
2021-11-17,651.00,665.60,641.10,643.25,955365
2021-11-18,646.45,655.00,637.55,640.15,1278065
2021-11-22,640.90,642.95,616.25,620.30,711313
2021-11-23,614.25,629.45,605.50,616.25,1130744
2021-11-24,616.25,625.15,596.60,604.10,1226406
2021-11-25,604.10,607.55,596.05,599.55,1030337
2021-11-26,594.75,597.35,587.65,589.90,1352143
2021-11-29,588.00,593.00,567.80,587.25,1604837
2021-11-30,587.25,602.95,585.00,593.05,2282710
2021-12-01,594.05,608.00,592.35,597.05,1149322
2021-12-02,594.80,611.40,594.35,608.70,1093076
2021-12-03,608.70,612.55,600.65,603.35,771454
2021-12-06,605.00,605.00,585.05,585.95,617655
2021-12-07,586.80,597.80,584.25,586.70,1019618
2021-12-08,589.65,592.50,585.80,587.00,846411
2021-12-09,594.90,594.90,576.00,580.00,884269
2021-12-10,583.00,583.00,575.50,578.15,1283392
2021-12-13,577.00,580.90,566.20,568.10,922516
2021-12-14,565.65,577.75,563.10,576.50,1916743
2021-12-15,576.50,577.15,557.65,566.85,1558734
2021-12-16,569.00,580.95,569.00,578.05,1532681
2021-12-17,575.00,577.95,554.30,556.40,923395
2021-12-20,552.00,555.00,533.65,541.45,891596
2021-12-21,542.00,563.20,542.00,558.20,1057729
2021-12-22,556.80,559.85,550.50,558.10,1018098
2021-12-23,558.20,570.00,554.90,562.65,1037910
2021-12-24,565.00,567.00,555.00,564.35,771191
2021-12-27,565.00,565.75,554.70,559.20,574243
2021-12-28,560.15,567.00,560.15,563.75,390302
2021-12-29,563.80,565.80,553.00,554.85,398189
2021-12-30,554.90,555.75,547.05,552.20,655865
2021-12-31,552.00,564.50,550.20,560.80,820877
2022-01-03,560.80,568.80,555.65,567.20,749105
2022-01-04,570.90,575.00,564.25,570.95,823907
2022-01-05,573.50,580.00,569.20,575.25,1058318
2022-01-06,574.15,578.00,565.35,575.05,599257
2022-01-07,575.10,586.50,574.60,583.80,843083
2022-01-10,584.80,591.00,582.50,589.70,1187483
2022-01-11,590.00,598.55,580.50,583.10,1842785
2022-01-12,585.00,590.00,574.90,588.25,1343692
2022-01-13,592.20,598.00,586.50,590.75,825569
2022-01-14,592.50,603.40,587.25,591.10,1146250
2022-01-17,591.00,621.00,591.00,615.65,2806939
2022-01-18,618.50,648.85,603.55,608.00,1705767
2022-01-19,601.00,601.00,565.00,573.80,3567443
2022-01-20,573.80,580.55,568.20,578.45,837671
2022-01-21,578.00,585.55,570.65,577.55,1039247
2022-01-24,578.50,578.50,557.30,568.05,1103122
2022-01-25,560.00,568.65,552.65,556.25,1496614
2022-01-27,556.00,556.00,537.00,543.35,1360316
2022-01-28,545.10,558.00,541.25,545.35,1481096
2022-01-31,549.75,563.20,548.10,560.45,854900
2022-02-01,563.10,569.90,550.70,556.55,613078
2022-02-02,557.75,563.05,549.70,553.75,1281110
2022-02-03,554.50,555.80,540.00,544.20,715909
2022-02-04,543.90,548.75,534.10,535.80,1177060
2022-02-07,535.70,538.00,516.00,522.95,914910
2022-02-08,523.25,527.10,510.50,515.90,1168893
2022-02-09,515.00,523.00,513.60,515.80,1128825
2022-02-10,519.00,529.00,505.35,527.85,2317150
2022-02-11,526.40,528.00,513.50,517.30,1108104
2022-02-14,509.80,510.15,499.60,502.60,1570259
2022-02-15,504.00,514.40,500.10,507.10,4658100
2022-02-16,510.00,514.95,496.35,502.75,4242647
2022-02-17,505.00,521.55,497.50,517.90,3870751
2022-02-18,518.65,529.75,512.25,525.20,3051523
2022-02-21,521.35,521.35,509.05,510.55,1516500
2022-02-22,500.50,507.45,492.55,505.10,1963371
2022-02-23,506.50,508.90,497.15,500.75,2250197
2022-02-24,480.20,483.90,465.00,467.15,2797675
2022-02-25,480.00,489.45,471.30,477.45,1565587
2022-02-28,473.00,480.60,461.75,479.15,1370338
2022-03-02,468.35,498.45,468.35,487.80,2067476
2022-03-03,494.00,494.00,462.00,464.90,1585349
2022-03-04,460.00,461.70,447.10,451.90,1310780
2022-03-07,442.50,456.60,435.35,446.80,1018923
2022-03-08,434.00,452.50,430.00,449.15,3228764
2022-03-09,452.50,456.65,445.60,449.25,1262246
2022-03-10,461.00,469.45,458.45,459.85,5701416
2022-03-11,459.85,465.00,453.35,463.05,565846
2022-03-14,463.00,466.75,453.70,463.40,711779
2022-03-15,461.55,473.15,455.00,458.00,1488103
2022-03-16,462.50,470.75,462.00,468.50,1672222
2022-03-17,475.00,494.95,470.60,492.30,2725253
2022-03-21,497.80,498.35,476.75,477.45,1481944
2022-03-22,478.00,485.80,471.00,481.75,1100486
2022-03-23,483.55,491.10,476.30,477.60,883906
2022-03-24,475.00,484.00,472.85,482.90,854779
2022-03-25,487.45,492.00,482.30,488.25,948657
2022-03-28,488.25,490.00,466.60,478.70,1197964
2022-03-29,483.45,497.00,477.95,495.55,2384936
2022-03-30,497.20,505.50,491.90,500.25,1659077
2022-03-31,498.60,505.05,494.00,500.90,978683
2022-04-01,500.00,509.15,493.60,508.00,899718
2022-04-04,509.40,519.20,505.65,509.15,1863273
2022-04-05,511.45,512.00,501.25,508.15,1952597
2022-04-06,506.00,522.00,506.00,516.50,2016994
2022-04-07,517.00,528.90,514.15,521.55,1371691
2022-04-08,524.90,536.10,523.10,533.80,1373146
2022-04-11,533.00,538.90,524.00,537.15,1240144
2022-04-12,537.15,539.60,527.40,535.30,1730635
2022-04-13,535.30,544.00,535.00,541.00,1466661
2022-04-18,544.00,568.90,532.80,542.15,6331274
2022-04-19,549.00,554.35,510.05,515.80,2390374
2022-04-20,523.00,527.55,512.10,526.25,1244264
2022-04-21,529.00,539.50,528.20,532.55,743722
2022-04-22,531.00,532.75,519.20,524.10,1047660
2022-04-25,520.90,520.90,504.70,516.95,1207655
2022-04-26,520.00,531.85,518.50,523.50,1030700
2022-04-27,521.45,522.15,511.10,518.60,986577
2022-04-28,525.80,536.00,519.00,534.25,610435
2022-04-29,534.25,538.00,522.90,525.75,1381930
2022-05-02,520.00,528.40,514.60,518.90,915849
2022-05-04,524.00,524.00,505.45,511.35,3018060
2022-05-05,516.45,529.90,508.80,512.95,885442
2022-05-06,502.70,515.90,502.05,510.05,445626
2022-05-09,503.50,512.95,500.00,504.85,752383
2022-05-10,500.00,512.55,498.00,499.00,1005028
2022-05-11,503.20,515.55,497.70,508.10,1301977
2022-05-12,502.70,510.70,487.10,488.85,1290273
2022-05-13,494.70,504.00,483.85,489.40,588078
2022-05-16,493.90,504.00,490.30,500.30,1785166
2022-05-17,501.95,506.60,491.90,500.30,1405537
2022-05-18,506.35,517.60,501.05,502.70,1374241
2022-05-19,497.70,502.90,491.30,498.10,1493267
2022-05-20,508.80,519.30,503.25,513.50,1915040
2022-05-23,513.00,521.85,506.30,507.90,1661338
2022-05-24,509.00,513.90,501.10,507.45,1304180
2022-05-25,515.00,523.90,506.30,520.65,1851632
2022-05-26,523.95,533.90,507.65,528.90,1699683
2022-05-27,530.00,534.10,526.50,529.30,734562
2022-05-30,531.00,535.00,526.85,530.40,576915
2022-05-31,527.90,534.05,515.55,521.60,4200943
2022-06-01,521.60,551.95,521.60,547.90,3568640
2022-06-02,547.90,548.75,537.60,545.35,999704
2022-06-03,550.00,556.00,545.55,549.20,1329515
2022-06-06,548.00,566.25,544.55,565.05,1537644
2022-06-07,565.35,566.00,550.05,556.15,2608901
2022-06-08,560.00,562.65,540.45,543.55,2403675
2022-06-09,542.00,564.90,537.75,563.30,1240115
2022-06-10,559.00,567.95,555.00,559.05,1453967
2022-06-13,544.00,559.35,540.00,542.25,1244535
2022-06-14,530.00,542.10,528.75,531.55,758503
2022-06-15,537.80,537.80,522.50,524.50,953588
2022-06-16,528.00,529.00,509.50,519.80,1629491
2022-06-17,514.00,518.60,502.05,507.30,2300300
2022-06-20,509.00,511.50,497.05,501.25,583036
2022-06-21,503.15,508.00,499.05,502.40,879407
2022-06-22,503.80,503.80,484.40,486.90,1365720
2022-06-23,490.40,500.00,487.60,497.15,887509
2022-06-24,500.00,504.85,491.90,492.85,755037
2022-06-27,503.00,503.00,490.00,494.65,1338752
2022-06-28,492.60,494.90,474.55,490.65,2848824
2022-06-29,486.75,492.35,475.00,482.65,1607478
2022-06-30,485.70,492.40,481.50,489.00,2003895
2022-07-01,489.00,502.45,484.20,500.25,757837
2022-07-04,503.75,513.00,499.40,511.30,583745
2022-07-05,514.40,519.15,497.95,500.45,1100985
2022-07-06,496.55,511.15,495.50,509.35,1369599
2022-07-07,513.00,524.20,513.00,521.95,1383386
2022-07-08,528.00,533.65,490.15,518.25,1114177
2022-07-11,521.80,523.80,515.35,521.95,993527
2022-07-12,519.70,528.75,518.35,525.85,775141
2022-07-13,528.00,530.80,521.10,524.85,370275
2022-07-14,524.80,527.95,507.05,513.35,1489989
2022-07-15,513.35,519.55,509.10,517.10,507227
2022-07-18,520.00,527.55,514.30,523.05,2179908
2022-07-19,518.05,523.00,513.00,520.90,958999
2022-07-20,526.00,527.00,517.95,522.95,1269438
2022-07-21,522.50,533.00,517.30,530.75,1034726
2022-07-22,531.95,533.95,524.50,532.25,632750
2022-07-25,534.00,536.90,529.25,532.05,811189
2022-07-26,530.00,533.60,525.35,527.05,985028
2022-07-27,524.40,530.75,524.20,528.95,474029
2022-07-28,533.00,534.00,525.80,530.00,992988
2022-07-29,535.85,557.90,532.40,553.60,2000993
2022-08-01,555.00,560.90,548.70,559.45,1281302
2022-08-02,556.00,556.00,535.00,543.55,1301732
2022-08-03,545.95,551.00,533.45,549.30,1216028
2022-08-04,551.65,562.80,549.00,560.15,1151125
2022-08-05,565.10,587.00,563.70,582.10,5334618
2022-08-08,582.05,584.65,566.15,569.85,1347055
2022-08-10,562.00,565.15,551.25,557.15,1306663
2022-08-11,560.10,562.95,546.00,547.35,668705
2022-08-12,547.35,562.10,544.60,558.80,1960389
2022-08-16,558.80,580.30,558.80,577.90,1345162
2022-08-17,576.80,585.60,574.20,580.50,594022
2022-08-18,580.50,603.95,577.40,593.70,2601445
2022-08-19,593.65,596.90,572.00,576.50,902084
2022-08-22,576.50,591.20,572.30,577.25,1793541
2022-08-23,569.20,589.55,565.65,580.55,1008724
2022-08-24,577.75,586.90,576.95,584.40,662161
2022-08-25,586.90,594.35,585.55,589.20,1199573
2022-08-26,590.00,601.70,589.85,591.85,1078855
2022-08-29,581.00,588.00,576.50,582.05,597246
2022-08-30,585.45,596.25,580.00,594.60,1091640
2022-09-01,593.20,595.00,575.55,593.30,1599521
2022-09-02,593.50,608.75,589.15,592.90,1395603
2022-09-05,589.25,590.95,581.10,585.05,657452
2022-09-06,588.00,592.65,582.00,591.20,686162
2022-09-07,586.00,595.05,585.10,594.05,619280
2022-09-08,596.05,597.25,583.35,593.05,700911
2022-09-09,596.65,596.85,583.90,585.05,432666
2022-09-12,584.00,594.95,582.25,588.95,929506
2022-09-13,590.00,595.80,583.40,584.80,713984
2022-09-14,579.15,582.50,573.00,578.45,1051249
2022-09-15,579.05,587.70,572.95,575.20,723271
2022-09-16,568.50,576.00,551.85,556.35,1336993
2022-09-19,558.60,562.75,547.00,557.05,978275
2022-09-20,559.85,570.95,557.70,561.00,696855
2022-09-21,560.00,568.50,556.50,558.60,526464
2022-09-22,554.50,560.00,546.20,553.05,561073
2022-09-23,553.95,555.95,540.55,545.55,426887
2022-09-26,540.00,544.10,528.45,535.15,1039247
2022-09-27,533.55,537.65,526.05,532.50,810771
2022-09-28,529.50,538.05,526.45,532.70,1020329
2022-09-29,535.40,539.25,520.20,529.90,1214269
2022-09-30,519.30,530.00,515.05,525.95,1645466
2022-10-03,520.00,528.20,509.00,509.90,714660
2022-10-04,513.90,528.45,513.60,526.90,1090829
2022-10-06,533.55,533.55,519.70,521.65,1122254
2022-10-07,521.00,525.85,514.20,522.60,1832202
2022-10-10,520.00,521.00,512.00,515.60,749885
2022-10-11,515.60,519.70,507.90,508.80,585165
2022-10-12,511.35,514.35,504.00,512.10,606618
2022-10-13,512.20,512.80,499.10,500.85,668379
2022-10-14,506.10,519.80,501.75,513.35,1259463
2022-10-17,511.50,515.95,503.00,509.70,1256193
2022-10-18,510.00,514.70,500.65,513.40,1113585
2022-10-19,513.55,517.35,506.50,508.20,761308
2022-10-20,506.70,520.50,501.25,518.80,1640059
2022-10-21,521.40,521.40,505.05,510.00,1522576
2022-10-24,520.20,520.20,510.50,511.70,97311
2022-10-25,512.00,512.95,501.00,503.80,2221480
2022-10-27,508.00,511.00,490.00,500.40,2379714
2022-10-28,502.45,507.40,499.65,502.15,625611
2022-10-31,500.00,509.25,499.00,507.55,1193917
2022-11-01,509.50,522.75,509.00,520.25,722561
2022-11-02,516.50,523.15,515.70,517.25,433564
2022-11-03,516.55,524.75,512.05,519.15,460314
2022-11-04,520.00,520.15,511.20,514.60,341572
2022-11-07,516.00,519.30,507.55,513.10,668753
2022-11-09,513.20,514.00,499.10,500.60,1059104
2022-11-10,500.00,500.20,484.70,489.10,1246010
2022-11-11,491.55,497.30,486.15,488.60,3170570
2022-11-14,490.00,490.10,483.70,485.60,1661259
2022-11-15,485.00,486.15,478.70,481.10,2019173
2022-11-16,480.00,484.15,474.10,475.00,2086052
2022-11-17,471.70,482.00,471.70,476.95,1731223
2022-11-18,477.05,478.00,464.00,469.70,2592536
2022-11-21,469.70,472.00,462.55,465.30,904399
2022-11-22,464.90,468.70,459.00,467.35,1083032
2022-11-23,468.20,469.00,453.90,460.10,4297126
2022-11-24,462.45,466.90,459.00,462.00,2639177
2022-11-25,461.30,468.80,450.60,452.10,6951008
2022-11-28,454.30,459.90,452.75,455.15,5207226
2022-11-29,456.90,473.95,453.85,471.10,10301083
2022-11-30,473.50,478.95,470.55,476.20,3786647
2022-12-01,479.00,479.15,472.50,476.65,2717911
2022-12-02,478.30,483.45,474.10,482.25,1566499
2022-12-05,484.80,484.80,470.75,475.30,1866186
2022-12-06,475.80,479.90,467.10,468.00,1666287
2022-12-07,470.00,471.40,464.20,465.10,1006428
2022-12-08,465.10,466.55,460.25,462.25,1233437
2022-12-09,465.70,466.00,455.00,456.85,1708947
2022-12-12,456.55,456.85,448.00,450.90,3598421
2022-12-13,452.00,453.65,448.60,449.80,977791
2022-12-14,452.50,456.50,450.90,453.60,1345298
2022-12-15,455.00,462.00,451.50,453.00,2428957
2022-12-16,451.05,452.50,443.20,444.35,1571656
2022-12-19,445.60,453.30,444.65,452.65,652572
2022-12-20,453.00,456.50,447.00,454.35,1351150
2022-12-21,455.00,461.65,451.20,454.20,2303957
2022-12-22,454.50,458.35,446.80,450.20,766591
2022-12-23,448.15,449.30,438.00,439.65,1479721
2022-12-26,438.00,447.70,437.70,445.90,1180235
2022-12-27,446.15,451.00,445.65,450.40,1073611
2022-12-28,450.40,453.60,448.00,449.45,688253
2022-12-29,449.00,452.00,440.80,448.00,1287119
2022-12-30,452.00,455.40,448.50,451.30,895186
2023-01-02,451.30,454.00,444.80,452.40,688085
2023-01-03,454.00,472.00,450.70,468.85,4108248
2023-01-04,470.00,475.00,467.40,468.75,1678426
2023-01-05,469.90,472.45,465.30,471.70,1070708
2023-01-06,471.65,477.80,469.35,473.00,2155725
2023-01-09,475.00,476.25,463.35,466.65,1114854
2023-01-10,466.75,469.60,459.20,465.65,2107951
2023-01-11,465.70,466.90,460.05,461.70,626159
2023-01-12,462.90,467.00,461.05,464.70,667882
2023-01-13,468.00,475.75,468.00,469.55,3153137
2023-01-16,472.00,479.90,469.80,477.55,1909177
2023-01-17,477.55,485.90,470.15,484.80,2334670
2023-01-18,485.30,488.75,475.00,487.35,4673829
2023-01-19,483.70,488.50,481.00,483.45,2083729
2023-01-20,483.20,483.20,467.25,470.70,2730762
2023-01-23,472.05,475.80,468.90,474.70,1061081
2023-01-24,475.40,475.40,468.60,469.95,1196236
2023-01-25,470.45,472.00,461.05,464.15,1045167
2023-01-27,464.10,467.95,458.05,465.25,3031223
2023-01-30,461.10,463.40,446.75,454.50,2213369
2023-01-31,455.80,456.95,448.00,452.40,1285506
2023-02-01,454.10,456.60,390.35,401.95,8989162
2023-02-02,394.00,411.45,387.05,409.45,4499056
2023-02-03,409.00,423.70,408.35,418.00,3550174
2023-02-06,418.00,430.50,417.45,429.15,2453170
2023-02-07,429.65,432.90,422.65,426.05,2003626
2023-02-08,426.95,440.25,425.00,436.40,3047387
2023-02-09,437.00,440.10,434.30,437.25,1049565
2023-02-10,437.00,439.15,433.20,437.55,819408
2023-02-13,437.55,439.75,431.25,437.40,2401650
2023-02-14,438.90,438.95,433.05,436.30,1571426
2023-02-15,434.55,439.80,432.95,438.75,1530243
2023-02-16,438.75,441.70,427.00,428.50,1284438
2023-02-17,424.00,426.25,413.05,417.55,1931928
2023-02-20,416.85,431.75,411.50,420.50,1216225
2023-02-21,421.00,422.95,416.50,418.45,589378
2023-02-22,418.00,418.00,409.20,410.95,925607
2023-02-23,408.55,410.55,401.30,402.50,2357236
2023-02-24,404.00,406.25,397.60,399.70,1103925
2023-02-27,401.25,406.50,390.10,405.20,1414374
2023-02-28,405.90,410.90,402.10,408.90,1498917
2023-03-01,406.10,409.30,400.40,407.85,1386636
2023-03-02,406.00,406.00,397.50,398.45,1482412
2023-03-03,400.40,408.15,398.60,405.55,1054855
2023-03-06,407.00,410.40,404.70,405.40,716260
2023-03-08,404.70,408.20,403.00,407.45,1033956
2023-03-09,407.45,408.80,396.20,397.60,1257806
2023-03-10,394.05,396.20,390.15,394.00,1180810
2023-03-13,391.00,400.85,390.50,392.70,1126280
2023-03-14,391.20,394.70,386.00,387.05,920691
2023-03-15,389.45,393.50,382.20,384.05,2144154
2023-03-16,385.00,418.90,380.70,409.65,9510146
2023-03-17,411.70,414.60,403.65,405.90,4048236
2023-03-20,405.90,408.90,393.55,405.60,1827170
2023-03-21,405.55,424.00,404.75,415.90,4312571
2023-03-22,416.50,431.25,416.50,427.70,3132211
2023-03-23,422.50,426.20,418.00,418.75,1478265
2023-03-24,414.70,423.95,391.00,420.25,3455815
2023-03-27,420.85,421.35,417.00,419.45,1111860
2023-03-28,419.55,422.85,417.00,421.75,1180743
2023-03-29,421.50,428.00,418.90,426.50,1474965
2023-03-31,428.00,439.20,426.90,435.70,2402348
2023-04-03,435.85,441.65,435.00,437.95,760255
2023-04-05,437.90,440.40,433.55,438.10,934408
2023-04-06,438.00,442.45,435.70,440.95,999136
2023-04-10,440.15,440.15,429.20,433.00,1158854
2023-04-11,434.00,443.80,433.00,435.90,1493093
2023-04-12,436.00,445.75,432.95,442.50,2103806
2023-04-13,442.00,450.35,440.55,442.90,1290166
2023-04-17,440.00,451.70,438.25,450.65,1335470
2023-04-18,450.00,452.70,446.85,449.90,1874301
2023-04-19,450.05,454.60,444.65,445.60,4234171
2023-04-20,444.00,461.00,441.50,455.70,4322040
2023-04-21,457.00,462.85,438.60,444.10,8724739
2023-04-24,446.45,447.30,430.65,442.80,3152036
2023-04-25,440.00,445.00,432.00,434.55,2066705
2023-04-26,432.35,436.50,425.30,428.80,2202324
2023-04-27,429.00,429.15,420.05,424.45,1625621
2023-04-28,425.60,436.50,425.50,434.50,1882788
2023-05-02,433.05,440.70,432.55,439.55,1619468
2023-05-03,436.85,439.60,429.75,430.25,1326747
2023-05-04,435.00,440.00,431.25,437.45,1389263
2023-05-05,436.60,439.80,433.85,435.70,932082
2023-05-08,437.05,444.00,434.05,442.05,1143054
2023-05-09,443.00,449.90,441.85,444.70,1142348
2023-05-10,444.00,453.50,443.80,450.85,1118455
2023-05-11,453.90,453.90,446.20,450.00,1806902
2023-05-12,448.50,450.00,429.50,433.30,2384469
2023-05-15,436.00,440.35,433.15,438.70,1211759
2023-05-16,436.30,440.15,431.95,434.25,932792
2023-05-17,433.50,433.50,420.00,424.85,1912343
2023-05-18,425.40,434.40,423.00,424.25,1190785
2023-05-19,426.00,428.05,421.50,425.85,960017
2023-05-22,426.90,440.00,425.70,436.55,1163715
2023-05-23,439.80,444.90,436.10,440.20,1556493
2023-05-24,440.00,444.65,435.00,440.30,524416
2023-05-25,439.00,439.40,433.20,438.25,942466
2023-05-26,438.00,447.75,437.50,445.95,1306017
2023-05-29,447.85,469.95,447.60,461.80,3646628
2023-05-30,459.00,471.15,455.95,467.55,1779817
2023-05-31,466.95,469.05,462.85,466.00,1846067
2023-06-01,471.00,482.55,465.00,478.00,2734461
2023-06-02,482.90,482.90,470.00,471.80,1283206
2023-06-05,473.15,487.00,472.35,485.75,2460361
2023-06-06,488.00,498.30,482.65,496.70,3029195
2023-06-07,499.30,514.50,497.50,507.60,4050016
2023-06-08,508.80,516.55,502.85,512.80,2675656
2023-06-09,501.35,511.60,493.75,495.05,2299463
2023-06-12,494.00,510.00,491.30,503.40,2467369
2023-06-13,506.25,511.20,504.50,507.65,1265647
2023-06-14,509.10,522.80,508.35,517.00,2751526
2023-06-15,516.90,516.90,510.20,512.50,878135
2023-06-16,512.80,540.95,512.80,534.20,4458267
2023-06-19,535.00,553.00,530.60,549.25,2643105
2023-06-20,552.00,566.40,551.05,563.25,3386993
2023-06-21,565.80,571.95,560.60,567.90,4914968
2023-06-22,567.85,577.80,559.65,562.55,2171971
2023-06-23,561.95,567.90,554.40,556.15,1473904
2023-06-26,555.65,577.45,554.50,564.05,2505762
2023-06-27,561.05,582.00,558.00,580.10,2461049
2023-06-28,582.40,583.30,571.35,573.20,1582955
2023-06-30,574.00,574.95,564.40,572.50,1596915
2023-07-03,573.10,580.00,568.90,577.15,1052909
2023-07-04,575.00,578.95,562.75,565.60,977604
2023-07-05,565.65,577.40,564.60,572.40,1222653
2023-07-06,572.35,582.30,570.70,575.80,1317104
2023-07-07,575.80,581.25,571.10,573.30,875633
2023-07-10,578.90,599.00,576.80,595.00,3458701
2023-07-11,600.00,606.00,587.85,594.25,3325022
2023-07-12,595.05,601.95,594.50,597.10,1769333
2023-07-13,605.00,615.60,596.00,598.20,3376033
2023-07-14,601.45,605.65,581.60,587.85,2268610
2023-07-17,591.20,591.20,573.00,582.55,2054738
2023-07-18,584.70,588.90,568.15,574.75,4251884
2023-07-19,578.00,578.00,547.70,559.45,4751341
2023-07-20,562.00,563.50,545.30,547.75,2903375
2023-07-21,547.00,554.50,545.05,551.05,1907284
2023-07-24,552.00,573.00,551.30,570.20,2560127
2023-07-25,567.05,580.95,567.05,577.00,2343717
2023-07-26,576.10,579.80,566.20,576.65,1382192
2023-07-27,576.65,586.20,571.45,572.30,2490047
2023-07-28,574.00,581.80,567.90,580.45,1492937
2023-07-31,579.60,582.00,573.05,579.50,1082164
2023-08-01,580.55,583.95,571.00,574.70,1057168
2023-08-02,574.70,577.10,562.25,567.85,1186260
2023-08-03,565.00,576.00,565.00,570.80,1899228
2023-08-04,570.80,582.00,568.25,579.00,1143739
2023-08-07,581.90,581.90,571.25,578.60,759439
2023-08-08,578.20,585.00,572.50,581.15,1633145
2023-08-09,582.00,586.20,569.00,578.25,907531
2023-08-10,578.25,580.15,573.00,575.65,579432
2023-08-11,575.65,575.65,555.75,560.00,1394053
2023-08-14,557.00,560.00,548.65,555.00,1378329
2023-08-16,552.50,555.25,545.00,545.90,654088
2023-08-17,545.00,548.75,540.70,543.35,714690
2023-08-18,540.50,543.75,535.50,537.50,654768
2023-08-21,537.10,542.65,534.65,537.55,420708
2023-08-22,540.45,561.00,538.10,547.55,2864552
2023-08-23,549.50,554.25,547.05,549.25,994722
2023-08-24,550.30,555.00,542.25,544.75,791591
2023-08-25,542.00,550.45,540.00,548.05,1063787
2023-08-28,548.45,555.35,545.25,548.15,1544351
2023-08-29,548.25,560.20,546.50,558.05,2104744
2023-08-30,558.05,565.90,552.10,560.05,1156303
2023-08-31,563.45,568.90,555.95,563.90,3649073
2023-09-01,565.00,569.15,557.65,561.80,1107985
2023-09-04,560.45,563.90,551.10,553.55,895572
2023-09-05,554.10,558.10,535.10,536.85,2129860
2023-09-06,536.85,540.45,532.00,539.65,814384
2023-09-07,539.65,549.20,521.55,547.15,2932945
2023-09-08,550.00,567.85,545.75,556.70,2744094
2023-09-11,561.50,579.00,557.15,576.55,2168706
2023-09-12,580.00,580.30,552.05,554.55,2740114
2023-09-13,554.00,567.95,549.00,566.70,1404605
2023-09-14,567.90,572.00,564.35,569.50,637421
2023-09-15,570.00,598.20,569.30,595.00,4150275
2023-09-18,594.95,606.40,590.70,602.60,4325246
2023-09-20,600.95,600.95,586.15,588.20,962698
2023-09-21,585.90,588.85,564.25,565.05,1520707
2023-09-22,565.05,580.00,564.45,578.20,1299679
2023-09-25,580.05,580.05,569.05,577.80,1406289
2023-09-26,578.95,586.65,574.45,577.05,1294159
2023-09-27,577.00,581.00,573.15,579.95,953762
2023-09-28,579.75,581.50,563.30,566.10,4110901
2023-09-29,568.90,569.90,560.15,566.20,1286955
2023-10-03,565.00,566.90,554.30,558.85,1100907
2023-10-04,559.05,560.00,552.25,557.55,1391947
2023-10-05,559.80,561.95,550.60,551.65,530790
2023-10-06,552.45,560.95,550.75,559.35,1059398
2023-10-09,559.00,560.70,541.00,543.80,1180000
2023-10-10,544.15,548.30,529.75,540.15,2910397
2023-10-11,544.00,547.75,522.00,524.90,3972020
2023-10-12,526.00,531.40,519.45,524.85,4223708
2023-10-13,525.50,527.35,519.75,522.60,839584
2023-10-16,525.00,533.45,522.55,531.05,1904754
2023-10-17,534.55,535.50,528.60,533.70,1459792
2023-10-18,523.70,526.75,512.40,521.00,4168928
2023-10-19,521.00,526.80,516.20,522.20,2867227
2023-10-20,520.50,528.60,516.85,526.20,890622
2023-10-23,525.00,530.40,518.30,521.00,1328934
2023-10-25,520.95,525.95,515.15,518.80,950918
2023-10-26,517.00,517.00,505.00,510.85,1031823
2023-10-27,511.95,522.50,510.00,519.00,491684
2023-10-30,518.00,522.10,512.00,520.25,765664
2023-10-31,522.00,529.95,520.90,525.25,1375208
2023-11-01,525.40,529.00,514.20,515.35,686047
2023-11-02,518.95,525.80,514.75,524.95,657953
2023-11-03,527.85,527.85,519.25,520.15,1466452
2023-11-06,522.15,525.95,521.20,521.80,827603
2023-11-07,519.75,539.30,516.70,537.90,1959750
2023-11-08,540.00,540.00,527.45,530.60,774593
2023-11-09,532.90,533.50,525.60,528.20,670063
2023-11-10,527.90,531.55,523.55,530.10,500837
2023-11-12,536.70,536.70,527.20,531.70,61373
2023-11-13,529.10,532.20,522.95,525.85,442853
2023-11-15,535.35,547.90,530.70,543.25,1701447
2023-11-16,543.20,555.80,537.85,548.20,1427904
2023-11-17,548.05,572.50,544.80,559.85,4385917
2023-11-20,559.00,560.15,547.65,549.80,1875745
2023-11-21,550.00,562.35,547.45,555.75,2545683
2023-11-22,555.75,565.95,550.25,558.05,2492912
2023-11-23,559.40,564.05,553.40,555.95,522266
2023-11-24,555.95,563.50,554.55,555.45,1548879
2023-11-28,555.45,557.60,550.50,551.55,962469
2023-11-29,554.00,556.70,548.50,551.70,8604983
2023-11-30,553.95,569.40,552.55,562.60,3217338
2023-12-01,564.95,567.10,553.65,558.80,1209880
2023-12-04,563.00,564.20,556.70,563.30,814733
2023-12-05,565.00,565.00,542.25,544.40,4654510
2023-12-06,548.80,554.45,545.15,551.40,1968199
2023-12-07,551.00,556.85,544.75,547.25,1019925
2023-12-08,548.55,549.30,539.65,543.55,711798
2023-12-11,543.55,546.00,535.70,537.45,1590711
2023-12-12,543.15,553.50,539.00,550.60,2684806
2023-12-13,551.65,554.90,541.05,542.40,1337683
2023-12-14,544.00,545.00,530.60,532.35,1826903
2023-12-15,536.60,537.45,516.30,519.20,3650011
2023-12-18,521.80,523.80,515.40,521.20,1442950
2023-12-19,521.75,524.80,517.25,519.95,1335907
2023-12-20,521.00,526.00,507.05,509.30,2429942
2023-12-21,509.30,520.65,505.40,518.95,1730872
2023-12-22,521.95,523.95,515.00,518.95,1417103
2023-12-26,524.00,524.50,516.95,523.90,2194932
2023-12-27,525.00,529.55,523.55,526.60,1839214
2023-12-28,526.90,530.50,525.15,529.90,2543683
2023-12-29,530.20,535.35,528.05,534.85,1139518
2024-01-01,534.70,536.00,530.75,531.95,1578322
2024-01-02,531.95,536.00,528.10,534.40,1359923
2024-01-03,534.20,539.80,531.80,534.90,1334907
2024-01-04,536.00,541.10,535.00,539.85,1718311
2024-01-05,538.50,545.55,535.15,541.00,3895158
2024-01-08,541.00,550.60,539.65,541.95,1579306
2024-01-09,545.25,548.90,533.35,540.85,5096681
2024-01-10,544.45,550.00,538.65,541.25,2156707
2024-01-11,541.75,546.85,538.65,541.60,880686
2024-01-12,543.00,543.40,529.10,529.95,2692417
2024-01-15,533.00,533.90,520.00,522.20,2040505
2024-01-16,523.75,524.80,516.95,517.90,1391247
2024-01-17,517.90,520.35,513.50,514.95,2308422
2024-01-18,470.00,488.90,463.45,486.20,17222774
2024-01-19,492.00,498.00,488.15,494.60,2754392
2024-01-20,498.40,498.80,485.60,491.30,661315
2024-01-23,496.00,497.15,475.20,479.45,3281838
2024-01-24,480.00,490.65,480.00,488.55,3536528
2024-01-25,491.30,491.30,482.95,486.30,1646588
2024-01-29,486.30,494.30,483.00,491.60,5223917
2024-01-30,493.95,499.70,492.50,495.60,3256246
2024-01-31,497.45,506.30,494.15,503.25,1416063
2024-02-01,504.10,517.15,500.00,515.90,2109644
2024-02-02,521.00,521.00,503.40,506.50,2401695
2024-02-05,507.00,509.25,502.10,504.80,1097731
2024-02-06,505.00,528.35,502.50,526.00,2301593
2024-02-07,528.50,533.80,525.40,530.45,1003712
2024-02-08,532.00,533.70,518.65,520.50,1481895
2024-02-09,520.50,522.95,510.50,521.45,1022445
2024-02-12,521.45,521.60,502.55,504.45,1076797
2024-02-13,504.45,513.80,497.30,511.90,2357148
2024-02-14,507.95,510.00,502.00,508.80,1200533
2024-02-15,508.15,511.10,503.60,505.10,2299680
2024-02-16,509.60,516.00,505.60,512.05,973728
2024-02-19,514.00,517.55,509.00,514.70,912455
2024-02-20,513.50,523.30,509.65,521.65,1540086
2024-02-21,522.00,526.40,518.65,520.10,2221389
2024-02-22,516.85,520.00,515.00,518.35,762141
2024-02-23,522.60,525.00,515.25,522.85,1623839
2024-02-26,522.85,528.20,520.45,523.10,1081969
2024-02-27,524.00,539.70,516.90,518.85,2929679
2024-02-28,520.00,530.40,520.00,523.30,1315159
2024-02-29,525.90,534.00,518.20,532.65,3016612
2024-03-01,539.00,546.60,534.00,539.45,1851853
2024-03-02,540.00,542.40,537.10,538.00,53794
2024-03-04,539.50,558.70,533.95,546.95,2531138
2024-03-05,547.75,558.00,539.95,553.70,3876200
2024-03-06,555.00,579.85,549.35,576.85,6081088
2024-03-07,576.00,595.00,563.65,583.60,2970921
2024-03-11,595.00,614.70,567.90,600.30,8749894
2024-03-12,601.05,606.90,592.15,600.50,3065065
2024-03-13,602.20,604.40,567.00,573.55,3112506
2024-03-14,572.05,581.55,561.25,572.70,3124841
2024-03-15,572.80,579.00,563.00,567.75,2356414
2024-03-18,569.00,569.00,559.70,565.85,1279804
2024-03-19,565.55,567.50,545.85,549.60,2176263
2024-03-20,550.00,565.60,550.00,560.35,1879361
2024-03-21,560.80,584.00,556.50,580.25,1932166
2024-03-22,578.85,588.75,573.65,581.85,1231241
2024-03-26,588.00,605.95,588.00,599.90,4000040
2024-03-27,599.90,604.90,593.00,599.10,1460193
2024-03-28,598.95,614.00,596.60,608.65,1328162
2024-04-01,610.00,627.00,610.00,616.10,1936435
2024-04-02,618.40,626.70,617.20,623.30,2577155
2024-04-03,623.00,625.10,617.00,620.75,1578089
2024-04-04,620.05,621.00,602.55,605.75,2118902
2024-04-05,609.70,630.00,606.00,620.00,5123577
2024-04-08,623.40,634.00,612.65,628.70,2241262
2024-04-09,629.40,633.45,620.65,625.25,1432457
2024-04-10,627.90,630.60,621.00,627.35,1353231
2024-04-12,625.85,640.85,624.20,629.00,2028403
2024-04-15,621.00,624.75,605.10,616.35,888398
2024-04-16,614.00,619.80,604.75,608.50,672758
2024-04-18,605.40,614.50,597.45,602.50,2528859
2024-04-19,589.00,595.00,578.60,588.15,1813605
2024-04-22,589.95,591.55,577.50,580.30,796586
2024-04-23,581.85,599.00,576.00,593.85,3049206
2024-04-24,558.00,582.35,556.75,575.65,7351418
2024-04-25,572.00,578.35,560.00,564.15,3477293
2024-04-26,564.00,577.90,563.50,566.25,1331995
2024-04-29,568.25,573.75,552.25,559.90,2751497
2024-04-30,564.00,579.80,560.40,572.90,4170361
2024-05-02,572.90,582.00,571.05,576.55,1417126
2024-05-03,576.55,585.00,572.75,576.70,1420649
2024-05-06,580.80,583.10,568.80,574.30,594551
2024-05-07,575.05,580.00,566.00,577.80,1156835
2024-05-08,577.50,588.55,572.00,587.00,827743
2024-05-09,588.00,588.00,567.85,578.25,1306379
2024-05-10,580.00,593.85,577.55,591.75,1276601
2024-05-13,593.00,599.70,587.40,597.30,2220073
2024-05-14,597.35,604.65,593.85,597.20,1714170
2024-05-15,598.90,598.90,574.45,577.05,1268460
2024-05-16,583.00,591.80,581.40,590.05,857053
2024-05-17,589.05,593.75,586.35,590.20,2190530
2024-05-18,593.00,593.00,586.25,589.70,32844
2024-05-21,589.70,592.70,576.00,580.20,1534804
2024-05-22,580.25,582.25,573.30,577.40,1382865
2024-05-23,578.00,585.90,578.00,585.05,714284
2024-05-24,585.50,588.85,576.50,579.50,584410
2024-05-27,579.50,583.50,570.80,572.90,824317
2024-05-28,573.00,586.95,573.00,582.55,2117884
2024-05-29,579.35,580.00,553.60,556.20,6677580
2024-05-30,556.00,562.95,544.00,548.95,2669270
2024-05-31,554.00,554.20,543.30,545.45,2422230
2024-06-03,560.00,561.95,548.00,552.05,1363318
2024-06-04,552.10,558.20,515.45,542.90,3324127
2024-06-05,540.10,566.00,540.10,562.60,789781
2024-06-06,563.10,568.75,561.55,563.60,777374
2024-06-07,567.00,572.90,560.70,571.40,645153
2024-06-10,571.75,586.00,567.10,581.00,1777038
2024-06-11,587.00,588.30,575.35,581.65,1992856
2024-06-12,581.65,583.70,578.00,579.75,681075
2024-06-13,588.00,598.60,573.80,596.15,3722751
2024-06-14,599.00,622.00,594.00,613.70,2947635
2024-06-18,615.00,620.65,601.40,606.80,2005317
2024-06-19,610.00,611.55,599.95,601.85,1695120
2024-06-20,604.00,607.00,596.60,605.50,1287329
2024-06-21,606.95,610.55,601.00,604.40,1239416
2024-06-24,603.00,610.00,594.80,605.40,1872998
2024-06-25,606.00,610.85,593.45,600.35,1938716
2024-06-26,602.00,617.75,595.50,596.50,1949691
2024-06-27,596.20,604.35,594.25,599.65,1353187
2024-06-28,599.65,610.85,598.05,605.70,1685280
2024-07-01,602.95,624.95,601.20,616.70,1329399
2024-07-02,621.45,631.50,601.45,620.35,5605015
2024-07-03,624.70,637.90,617.35,634.40,2493092
2024-07-04,639.40,643.75,630.95,633.45,1524230
2024-07-05,634.00,644.85,631.30,643.00,620866
2024-07-08,641.60,643.65,628.60,636.35,1426044
2024-07-09,638.50,652.40,635.05,646.50,2579594
2024-07-10,647.05,673.70,637.50,660.75,5187432
2024-07-11,661.10,664.20,650.30,653.35,1902488
2024-07-12,653.00,657.20,649.45,651.15,699764
2024-07-15,652.50,661.60,650.25,653.30,690148
2024-07-16,654.35,662.75,639.55,653.05,2086000
2024-07-18,648.50,657.00,640.15,654.80,1388472
2024-07-19,651.00,652.95,637.50,643.40,1283956
2024-07-22,640.05,644.50,631.00,633.80,1385767
2024-07-23,636.95,642.75,611.25,638.40,2765631
2024-07-24,635.00,697.50,634.95,694.25,9280093
2024-07-25,690.00,703.85,685.05,701.70,2873383
2024-07-26,702.80,731.45,701.60,724.90,3800832
2024-07-29,724.90,729.15,716.00,719.05,898295
2024-07-30,722.80,733.35,698.05,723.85,2695889
2024-07-31,723.85,739.60,719.55,735.95,971621
2024-08-01,735.70,742.20,730.55,734.70,1988202
2024-08-02,731.80,739.00,725.00,728.60,1512837
2024-08-05,705.00,725.85,705.00,714.20,2269484
2024-08-06,718.00,726.90,697.35,700.05,1350870
2024-08-07,708.25,728.50,705.00,726.05,1472564
2024-08-08,722.55,744.00,717.05,738.65,1931611
2024-08-09,741.10,746.65,735.75,739.25,1246603
2024-08-12,731.10,741.00,726.20,728.75,1376694
2024-08-13,730.00,739.30,720.30,724.30,1166273
2024-08-14,725.60,728.55,715.00,718.20,639172
2024-08-16,711.00,722.50,702.65,720.05,2069373
2024-08-19,720.00,724.50,714.55,720.05,472715
2024-08-20,719.80,748.30,719.40,742.50,2867974
2024-08-21,748.55,752.45,738.95,741.45,2726706
2024-08-22,744.85,748.85,731.30,733.00,1634542
2024-08-23,734.85,741.15,728.20,731.95,1079889
2024-08-26,732.00,732.00,715.45,723.25,1397958
2024-08-27,723.30,747.85,721.00,744.15,3156537
2024-08-28,741.00,750.65,736.10,744.60,1750966
2024-08-29,740.10,754.20,738.45,742.30,1080111
2024-08-30,742.00,754.75,738.50,753.15,1838816
2024-09-02,755.00,759.00,748.80,753.45,945318
2024-09-03,755.20,765.55,746.05,763.70,1757723
2024-09-04,760.50,771.40,755.80,769.35,1065130
2024-09-05,772.90,772.90,756.00,758.05,1346555
2024-09-06,757.00,760.30,748.05,750.65,812409
2024-09-09,749.90,766.70,749.40,758.15,1208039
2024-09-10,755.00,756.70,740.35,746.00,1528123
2024-09-11,746.00,759.15,741.70,750.90,1481524
2024-09-12,752.40,762.20,748.80,755.65,728253
2024-09-13,757.00,764.75,752.85,755.25,930947
2024-09-16,751.20,756.80,745.55,749.90,509408
2024-09-17,749.00,753.00,742.85,750.00,1012567
2024-09-18,753.00,760.90,745.00,750.65,831311
2024-09-19,749.00,765.45,748.05,755.10,1508403
2024-09-20,758.80,770.90,755.00,768.00,1602126
2024-09-23,768.00,793.00,766.00,791.05,1326368
2024-09-24,790.30,795.00,767.20,775.70,1308591
2024-09-25,772.80,775.95,761.50,773.65,1359054
2024-09-26,773.65,788.60,766.95,782.20,1233639
2024-09-27,770.00,794.00,770.00,789.50,1986359
2024-09-30,793.80,793.80,777.25,780.15,801207
2024-10-01,780.15,796.80,763.55,767.20,1138660
2024-10-03,762.05,765.00,748.95,757.45,722266
2024-10-04,757.45,770.65,751.75,755.75,1002583
2024-10-07,755.75,760.45,739.20,744.95,629532
2024-10-08,744.00,748.00,726.20,742.60,1690785
2024-10-09,747.00,764.45,740.25,755.65,1429943
2024-10-10,756.15,761.65,743.00,745.60,375514
2024-10-11,745.35,749.00,732.25,742.55,980855
2024-10-14,742.35,744.50,731.55,739.15,721738
2024-10-15,741.65,759.45,728.05,733.75,1645712
2024-10-16,733.60,754.60,733.60,745.40,1139316
2024-10-17,745.40,753.40,731.60,735.15,734313
2024-10-18,732.05,748.60,723.15,745.35,410104
2024-10-21,748.45,755.35,742.40,749.60,588290
2024-10-22,750.70,761.35,728.55,731.05,1428918
2024-10-23,701.20,759.85,701.20,746.45,1719740
2024-10-24,747.00,776.85,744.65,768.00,1290728
2024-10-25,772.80,774.50,730.65,742.85,1761993
2024-10-28,740.50,754.60,735.70,749.55,596587
2024-10-29,749.55,773.90,732.45,768.40,1387142
2024-10-30,766.50,768.00,745.70,747.55,956924
2024-10-31,747.75,756.00,736.40,741.00,602669
2024-11-01,738.10,750.00,738.10,744.95,69849
2024-11-04,744.00,744.80,730.05,735.80,653599
2024-11-05,732.50,738.95,702.30,732.15,1932380
2024-11-06,731.50,733.90,713.00,716.25,864875
2024-11-07,721.25,721.25,711.75,713.85,510043
2024-11-08,709.15,719.95,707.85,710.35,489019
2024-11-11,706.00,711.35,699.05,704.30,507892
2024-11-12,704.70,711.25,698.25,702.10,1105532
2024-11-13,692.25,701.15,685.00,688.00,562534
2024-11-14,689.80,699.45,688.05,693.90,542297
2024-11-18,687.00,698.75,683.00,693.20,509365
2024-11-19,695.00,695.95,668.30,685.20,2346510
2024-11-21,680.00,688.65,676.00,678.55,385143
2024-11-22,676.00,695.00,671.00,687.20,358244
2024-11-25,692.20,699.45,685.55,687.65,1582428
2024-11-26,687.65,697.95,685.65,691.25,691907
2024-11-27,690.35,691.40,679.00,680.80,710254
2024-11-28,680.00,695.50,667.70,691.85,3444882
2024-11-29,690.00,704.70,687.60,699.65,1816684
2024-12-02,690.00,704.00,689.50,691.90,442351
2024-12-03,695.50,699.45,683.10,684.20,1008762
2024-12-04,687.00,691.00,672.95,675.80,1000350
2024-12-05,679.00,682.30,663.65,674.70,840658
2024-12-06,679.00,687.30,671.95,674.85,1183302
2024-12-09,675.00,680.65,671.10,676.20,607213
2024-12-10,684.70,694.90,677.30,681.00,1296860
2024-12-11,686.80,696.50,682.00,695.35,771530
2024-12-12,697.80,700.00,686.00,691.95,769708
2024-12-13,688.05,692.25,675.60,685.75,828354
2024-12-16,688.00,691.95,677.60,679.50,943853
2024-12-17,684.90,684.90,669.05,670.75,1086358
2024-12-18,670.00,673.55,661.20,662.55,341519
2024-12-19,658.50,661.70,654.25,659.50,407066
2024-12-20,664.50,664.50,650.10,653.90,1418236
2024-12-23,650.00,654.45,643.35,649.60,850671
2024-12-24,649.60,666.90,645.05,661.55,1226611
2024-12-26,661.55,670.50,658.05,668.10,563794
2024-12-27,668.00,669.25,654.70,656.15,770997
2024-12-30,656.15,656.50,643.90,647.00,2750493
2024-12-31,643.80,659.90,643.45,654.85,921784
2025-01-01,657.00,675.60,644.05,659.80,931601
2025-01-02,657.10,666.80,655.65,662.10,1473456
2025-01-03,663.30,677.30,662.85,673.60,1252466
2025-01-06,676.15,681.95,652.80,661.90,681886
2025-01-07,659.25,673.00,659.25,662.70,1037686
2025-01-08,661.00,666.85,652.00,652.95,742877
2025-01-09,653.00,657.15,644.65,646.85,790168
2025-01-10,645.40,650.70,632.40,644.55,997606
2025-01-13,642.00,653.00,633.00,636.45,770365
2025-01-14,636.45,644.25,632.70,642.15,503856
2025-01-15,642.80,642.80,628.65,633.05,2420045
2025-01-16,642.00,666.95,639.55,651.40,3851915
2025-01-17,648.15,650.00,634.35,645.75,1602885
2025-01-20,654.45,654.45,631.20,641.30,614141
2025-01-21,645.20,651.95,633.25,635.55,737092
2025-01-22,620.00,620.00,572.00,598.05,13189131
2025-01-23,595.00,603.40,590.55,594.70,889946
2025-01-24,595.00,600.85,586.90,590.50,1567073
2025-01-27,589.45,590.35,582.25,589.05,411561
2025-01-28,589.05,603.55,585.65,600.30,636251
2025-01-29,603.00,611.35,598.95,606.80,760118
2025-01-30,607.00,617.00,601.05,611.40,555935
2025-01-31,610.00,620.95,607.60,616.00,536251
2025-02-01,613.15,643.20,569.00,606.00,3451517
2025-02-03,605.95,618.90,600.30,604.65,1011490
2025-02-04,609.00,611.45,600.00,606.95,925652
2025-02-05,609.40,614.70,602.55,605.25,750646
2025-02-06,606.00,609.85,597.90,599.95,596337
2025-02-07,603.00,605.60,592.05,600.05,1046797
2025-02-10,603.00,608.95,585.15,587.85,649320
2025-02-11,587.85,590.80,569.55,574.80,498876
2025-02-12,575.00,589.00,563.45,579.80,927101
2025-02-13,579.80,594.40,578.85,590.85,772099
2025-02-14,593.35,597.75,580.00,582.45,712329
2025-02-17,580.00,581.95,567.90,575.20,994049
2025-02-18,572.20,578.20,566.20,573.20,720799
2025-02-19,570.65,579.65,568.25,576.00,1120833
2025-02-20,575.85,580.35,572.55,574.80,1009089
2025-02-21,574.10,579.40,570.05,574.00,1574753
2025-02-24,571.00,573.00,563.40,566.40,317787
2025-02-25,566.00,569.50,560.10,566.70,583632
2025-02-27,565.00,571.90,555.25,559.75,1802194
2025-02-28,560.05,574.75,548.30,551.60,1996851
2025-03-03,552.10,556.95,544.15,554.25,1250103
2025-03-04,553.75,554.05,543.40,547.75,1854779
2025-03-05,545.00,557.00,545.00,550.05,2864688
2025-03-06,555.00,558.45,547.90,550.15,1050646
2025-03-07,550.10,554.70,545.00,549.55,1063618
2025-03-10,552.40,554.05,542.00,544.65,883327
2025-03-11,542.00,548.80,535.10,546.15,1049509
2025-03-12,544.00,547.70,535.25,544.90,1372563
2025-03-13,550.00,550.00,535.00,536.60,429559
2025-03-17,537.05,550.80,537.00,548.65,701993
2025-03-18,550.80,556.65,549.20,552.85,834611
2025-03-19,553.20,565.75,552.25,563.00,1449130
2025-03-20,565.00,581.85,565.00,578.20,863268
2025-03-21,579.65,584.40,576.60,581.40,1122260
2025-03-24,582.10,600.90,580.80,596.85,1434961
2025-03-25,601.00,606.25,587.60,592.25,1162392
2025-03-26,592.25,599.50,583.20,588.75,889494
2025-03-27,585.00,594.45,580.40,591.40,2778093
2025-03-28,589.20,593.80,560.85,564.35,1919467
2025-04-01,564.00,573.15,560.50,569.05,1214007
2025-04-02,569.65,570.60,557.60,563.35,1334457
2025-04-03,563.45,567.05,559.55,562.85,2803358
2025-04-04,565.80,567.85,553.00,556.80,521545
2025-04-07,532.40,546.50,525.80,536.90,1674902
2025-04-08,542.90,560.95,542.30,557.00,1930327
2025-04-09,557.00,572.00,554.05,568.85,1372096
2025-04-11,571.50,576.05,550.65,552.95,3084159
2025-04-15,552.95,572.55,545.30,567.15,3736880
2025-04-16,581.00,602.25,576.15,586.30,9236976
2025-04-17,584.50,598.95,579.45,595.65,1911286
2025-04-21,602.00,609.00,591.25,602.90,2265294
2025-04-22,603.00,610.95,599.25,600.95,1761010
2025-04-23,602.05,609.75,590.55,607.00,2947373
2025-04-24,609.00,610.00,600.00,602.35,649984
2025-04-25,607.00,618.60,585.00,595.80,1861383
2025-04-28,590.25,607.00,590.25,602.60,730997
2025-04-29,607.00,609.10,599.20,605.25,1032408
2025-04-30,603.80,621.90,601.30,614.35,1238587
2025-05-02,615.00,619.65,606.25,608.95,587287
2025-05-05,609.10,613.80,605.60,612.20,437619
2025-05-06,612.20,616.70,590.20,592.65,451754
2025-05-07,583.20,597.25,583.20,592.00,548882
2025-05-08,594.40,595.75,578.60,582.40,601296
2025-05-09,571.00,582.85,570.95,581.20,517496
2025-05-12,592.80,605.15,591.10,604.00,517861
2025-05-13,607.90,610.45,602.00,603.65,400154
2025-05-14,605.20,609.80,602.00,608.25,476527
2025-05-15,607.00,614.80,597.45,613.00,754198
2025-05-16,615.00,617.90,609.80,615.60,403837
2025-05-19,615.60,627.85,613.20,623.45,673068
2025-05-20,624.10,627.10,610.70,613.00,619915
2025-05-21,613.00,621.00,610.05,618.15,423274
2025-05-22,618.00,626.50,614.00,619.75,655543
2025-05-23,621.00,643.95,619.80,642.20,1332437
2025-05-26,649.95,655.65,643.15,650.00,1743631
2025-05-27,648.20,654.90,643.85,652.35,474686
2025-05-28,654.05,661.70,650.20,658.00,853125
2025-05-29,661.30,676.65,661.30,668.45,2000745
2025-05-30,666.20,670.00,660.40,662.40,1957768
2025-06-02,665.60,673.90,659.60,664.15,978907
2025-06-03,661.20,666.40,637.75,640.90,1498807
2025-06-04,637.00,645.95,636.35,643.60,538752
2025-06-05,645.80,645.80,634.60,637.90,489984
2025-06-06,637.90,642.95,632.35,636.05,456497
2025-06-09,634.50,640.95,629.25,637.55,1269615
2025-06-10,638.90,643.00,628.70,637.55,1083060
2025-06-11,640.00,647.50,637.30,642.20,813324
2025-06-12,644.00,645.60,630.20,631.65,580998
2025-06-13,627.00,630.75,620.85,629.50,427999
2025-06-16,629.50,641.25,625.70,638.75,774695
2025-06-17,639.70,644.00,635.65,640.30,844307
2025-06-18,637.10,638.30,625.60,631.45,810195
2025-06-19,629.50,640.00,621.10,623.35,540121
2025-06-20,623.00,640.00,621.10,633.75,1535398
2025-06-23,631.00,634.45,627.00,628.35,1836782
2025-06-24,631.50,641.65,629.50,634.60,1111676
2025-06-25,635.00,640.40,630.20,634.65,1561644
2025-06-26,636.95,650.70,635.20,647.30,2816846
2025-06-27,649.05,650.35,641.50,647.85,1034094
2025-06-30,651.00,659.00,643.50,657.90,1858056
2025-07-01,659.20,664.95,657.90,660.75,1164854
2025-07-02,659.25,662.90,655.70,658.80,768602
2025-07-03,661.10,662.00,636.95,639.90,1167586
2025-07-04,645.45,659.40,645.45,650.95,2629729
2025-07-07,650.95,667.90,650.95,666.05,1032527
2025-07-08,668.00,669.00,659.00,664.55,895084
2025-07-09,663.00,683.40,661.00,680.35,2572195
2025-07-10,684.00,685.75,662.85,673.05,1376200
2025-07-11,675.00,678.00,658.55,660.70,698865
2025-07-14,658.10,674.00,654.75,672.50,967098
2025-07-15,672.50,693.50,660.00,669.60,3460481
2025-07-16,665.00,665.00,642.40,650.60,5298097
2025-07-17,652.00,653.95,641.20,642.90,3191101
2025-07-18,644.00,645.45,632.00,633.80,1142535
2025-07-21,629.95,642.90,628.85,634.90,1482517
2025-07-22,636.90,637.90,623.60,625.10,1458438
2025-07-23,628.40,632.20,625.20,628.90,618170
2025-07-24,628.90,633.00,622.20,622.85,746393
2025-07-25,621.00,622.50,615.00,618.70,546689
2025-07-28,618.70,624.70,613.25,614.70,421140
2025-07-29,614.70,620.35,612.50,616.40,632734
2025-07-30,619.80,622.70,613.60,619.15,579816
2025-07-31,617.85,618.15,609.60,615.95,453485
2025-08-01,616.20,616.40,599.00,601.05,597063
2025-08-04,602.00,612.85,600.35,611.50,452541
2025-08-05,609.05,615.80,604.05,614.75,404117
2025-08-06,614.70,621.00,608.45,619.40,2232551
2025-08-07,618.00,620.35,597.00,618.70,494731
2025-08-08,616.10,624.20,608.05,610.05,396975
2025-08-11,611.05,611.50,602.30,609.65,661745
2025-08-12,609.75,619.95,608.00,616.80,465659
2025-08-13,618.25,629.30,617.15,621.30,1318633
2025-08-14,620.60,630.95,619.95,626.60,1392104
2025-08-18,642.00,655.90,633.00,636.40,2335275
2025-08-19,639.00,639.00,629.00,633.45,425554
2025-08-20,636.90,636.90,630.75,632.05,408873
2025-08-21,639.00,641.90,627.00,629.20,1285595
2025-08-22,629.20,632.45,622.25,626.05,390505
2025-08-25,626.05,630.75,623.35,629.65,950429
2025-08-26,626.00,627.90,613.90,616.30,1412371
2025-08-28,616.30,623.90,607.30,609.55,996116
2025-08-29,612.00,612.00,598.50,599.85,597806
2025-09-01,601.95,609.95,599.40,608.80,607747
2025-09-02,610.05,616.15,605.90,610.65,1108101
2025-09-03,611.00,611.95,604.25,609.35,441785
2025-09-04,640.00,640.00,598.50,599.80,3082959
2025-09-05,604.75,610.00,592.35,596.75,649016
2025-09-08,598.90,599.15,587.05,593.15,625989
2025-09-09,594.95,599.25,590.65,598.15,493567
2025-09-10,601.00,605.80,597.85,602.25,531014
2025-09-11,603.55,606.95,596.95,598.45,1062511
2025-09-12,602.95,603.65,595.75,600.80,2142200
2025-09-15,600.80,606.85,599.45,605.20,356585
2025-09-16,604.95,605.00,600.60,603.70,579616
2025-09-17,605.15,606.00,598.05,600.10,897726
2025-09-18,601.00,609.75,600.75,605.00,577642
2025-09-19,607.80,609.45,601.15,602.55,1210911
2025-09-22,604.85,615.30,603.05,609.50,786924
2025-09-23,609.50,610.30,599.40,600.85,420953
2025-09-24,600.85,602.60,594.15,596.65,775181
2025-09-25,596.65,598.95,592.80,595.00,902584
2025-09-26,593.80,595.70,582.10,585.50,792307
2025-09-29,586.05,599.80,584.40,589.15,9274876
2025-09-30,592.00,603.45,589.70,595.20,1348136
2025-10-01,596.90,597.25,587.60,596.60,445018
2025-10-03,596.50,602.40,594.95,601.10,1380291
2025-10-06,598.95,603.20,597.30,600.45,842678
2025-10-07,601.10,609.75,601.10,603.50,841825
2025-10-08,601.50,605.85,591.30,592.90,972845
2025-10-09,592.10,596.55,589.50,593.40,461949
2025-10-10,595.10,604.35,595.10,597.70,844847
2025-10-13,597.00,601.00,592.75,593.60,383497
2025-10-14,595.85,610.95,591.25,598.05,2049147
2025-10-15,590.00,598.40,578.65,588.00,9413761
2025-10-16,588.00,589.60,582.45,587.00,1880912
2025-10-17,588.05,598.45,583.00,595.75,1404254
2025-10-20,598.00,600.95,588.45,596.75,1409667
2025-10-21,592.95,597.85,592.10,595.30,68916
2025-10-23,599.55,610.95,594.25,607.15,1468888
2025-10-24,607.15,608.50,598.75,601.95,392751
2025-10-27,601.95,604.95,598.00,600.75,2210274
2025-10-28,601.40,604.00,598.35,600.50,840483
2025-10-29,604.00,608.65,600.15,601.00,3541088
2025-10-30,601.00,604.50,594.25,600.40,740839
2025-10-31,603.50,604.20,589.15,591.15,931369
2025-11-03,592.95,601.05,590.00,599.25,1409594
2025-11-04,599.00,608.95,598.05,607.55,695525
2025-11-06,609.80,609.80,601.45,603.75,563718
2025-11-07,603.00,616.95,599.85,615.35,815618
2025-11-10,619.80,620.75,612.00,614.80,872520
2025-11-11,612.20,626.65,609.10,624.70,854265
2025-11-12,627.75,635.30,626.10,632.95,2488995
2025-11-13,631.10,633.95,625.90,630.10,592016
2025-11-14,630.10,633.85,625.05,629.45,652101
2025-11-17,628.00,632.90,626.15,630.60,363830
2025-11-18,632.10,632.10,620.70,626.80,587932
2025-11-19,626.10,626.10,609.00,613.95,1774466
2025-11-20,615.00,620.95,609.05,618.40,969004
2025-11-21,621.00,621.00,609.60,610.90,387131
2025-11-24,610.90,614.65,604.00,607.35,2202503
2025-11-25,602.75,616.00,602.75,612.25,905724
2025-11-26,615.00,623.00,613.30,621.90,284416
2025-11-27,624.90,627.95,621.00,625.25,441657
2025-11-28,625.95,626.80,614.50,619.75,1442638
2025-12-01,619.75,623.30,616.00,621.55,407679
2025-12-02,620.00,623.00,613.40,616.55,2230559
2025-12-03,614.00,615.75,607.25,611.25,985834
2025-12-04,608.45,617.00,606.40,615.35,367145
2025-12-05,615.00,627.20,612.95,626.05,386465
2025-12-08,629.05,634.80,613.35,616.25,1711904
2025-12-09,616.25,631.25,614.90,623.60,1276946
2025-12-10,620.00,646.00,619.00,642.85,2073986
2025-12-11,644.50,647.55,633.80,635.85,661780
2025-12-12,635.85,649.00,633.30,647.55,845174
2025-12-15,650.00,651.25,639.35,648.50,2602182
2025-12-16,651.35,652.80,634.25,637.95,2339227
2025-12-17,638.00,639.60,627.00,630.50,361180
2025-12-18,632.05,647.45,625.95,645.65,2632156
2025-12-19,649.90,653.00,647.65,650.40,820206
2025-12-22,650.00,652.10,645.05,650.50,543562
2025-12-23,650.00,656.20,646.00,650.90,850478
2025-12-24,650.00,654.00,648.75,652.05,672563
2025-12-26,652.00,654.60,645.95,649.95,253980
2025-12-29,648.05,653.95,647.75,651.20,462974
2025-12-30,651.00,658.00,648.35,654.85,1904206
2025-12-31,659.00,669.50,654.80,668.25,1551003
2026-01-01,669.30,676.40,666.00,674.30,393336
2026-01-02,674.30,681.50,671.35,678.30,351756
2026-01-05,680.00,688.40,678.30,683.85,579420
2026-01-06,685.05,697.50,685.05,688.45,920286
2026-01-07,688.45,695.50,682.40,684.60,1565458
2026-01-08,684.60,686.80,671.05,681.35,1909675
2026-01-09,684.00,693.00,671.10,685.45,789798
2026-01-12,691.10,696.85,677.80,680.75,1326285
2026-01-13,684.55,706.80,671.80,681.45,4801288
2026-01-14,685.00,700.00,665.80,669.25,4004960
2026-01-16,669.25,683.75,667.30,678.00,4417190
2026-01-19,678.00,680.00,657.00,660.95,1068763
2026-01-20,660.50,668.20,649.20,651.80,644527
2026-01-21,645.65,653.95,638.15,647.10,1363072
2026-01-22,650.05,658.00,646.95,653.15,1055554
2026-01-23,653.00,653.00,636.10,638.70,744889
2026-01-27,637.15,647.55,628.50,643.85,1758161
2026-01-28,640.80,650.80,638.90,642.40,438995
2026-01-29,643.00,643.00,623.70,625.30,1251462
2026-01-30,625.30,640.15,621.00,636.85,1484926
2026-02-01,640.05,651.00,626.95,643.45,302890
2026-02-02,643.00,646.60,631.05,641.80,632919
2026-02-03,651.20,662.80,651.20,654.40,888413
2026-02-04,658.45,663.60,649.40,660.35,762585
2026-02-05,660.20,660.30,653.65,655.20,324372
2026-02-06,653.00,656.55,645.15,651.35,499107
2026-02-09,650.35,658.00,647.10,648.30,1947423
2026-02-10,649.00,651.20,639.50,643.00,1431592
2026-02-11,643.05,644.90,636.30,640.95,709123
2026-02-12,637.00,641.15,631.25,638.10,956432
2026-02-13,635.00,646.80,629.85,643.65,711887
2026-02-16,643.00,643.75,633.70,640.85,295460
2026-02-17,640.85,641.65,636.70,638.70,357102
2026-02-18,638.70,650.95,636.00,648.85,4146626
2026-02-19,651.15,656.25,646.00,648.65,1373867
2026-02-20,645.00,665.00,642.85,651.30,1399223
2026-02-23,655.00,667.80,652.00,664.15,1021190
2026-02-24,665.20,665.35,658.45,661.40,812117
2026-02-25,662.00,670.00,660.50,668.25,707124
2026-02-26,670.00,677.55,667.65,674.55,961820
2026-02-27,668.20,677.05,648.80,654.50,2231900
2026-03-02,647.50,659.25,646.35,653.55,346748
2026-03-04,647.00,650.00,624.00,625.75,888511
2026-03-05,626.75,631.70,617.75,627.45,551177
2026-03-06,620.75,624.40,610.10,614.05,901309
2026-03-09,610.00,610.00,552.65,601.55,1356677
2026-03-10,617.65,617.65,599.50,601.65,970178
2026-03-11,602.00,604.20,591.35,598.50,1294420
2026-03-12,592.00,596.65,583.15,592.95,949805
2026-03-13,586.00,591.40,580.10,583.75,1483478
2026-03-16,580.00,589.15,578.00,583.90,1391776
2026-03-17,583.00,601.10,581.30,592.45,633223
2026-03-18,593.05,596.50,586.25,588.70,877529
2026-03-19,583.30,585.45,560.60,562.90,1577922
2026-03-20,563.00,566.60,548.00,552.10,1215752
2026-03-23,545.00,550.05,528.90,531.25,1050325
2026-03-24,539.95,542.90,525.00,537.50,1014760
2026-03-25,537.00,551.75,537.00,540.60,1901427
2026-03-27,537.00,537.90,526.20,530.40,1288429
2026-03-30,526.05,526.05,506.20,509.55,2513860
2026-04-01,516.90,531.80,510.75,513.35,2104697
2026-04-02,507.00,508.95,491.45,503.40,1445464
2026-04-06,508.00,514.55,500.00,513.10,823182
2026-04-07,508.00,517.75,504.00,516.65,584434
2026-04-08,541.00,546.35,532.50,541.60,827961
2026-04-09,541.60,553.00,536.00,541.95,1099198
2026-04-10,549.40,552.85,540.90,547.00,870880
2026-04-13,545.80,549.00,531.35,546.50,970319
2026-04-15,578.00,584.75,556.90,561.25,9213655
2026-04-16,564.05,573.00,554.25,557.95,3015840
2026-04-17,556.95,563.90,548.00,562.00,3333771
2026-04-20,562.00,562.65,549.80,557.90,1615514
2026-04-21,560.00,565.00,541.25,550.10,2038706
2026-04-22,550.00,554.40,537.00,540.05,1530498
2026-04-23,535.00,538.00,530.00,535.30,1109222
2026-04-24,534.20,534.95,511.50,514.20,1474411
2026-04-27,515.00,523.75,512.05,519.60,1089176
2026-04-28,520.00,522.40,511.75,520.55,1284261
2026-04-29,522.00,530.40,522.00,524.35,567464
2026-04-30,524.00,529.70,512.60,513.85,1123792
2026-05-04,519.35,538.35,516.25,535.55,1731763
2026-05-05,535.90,540.70,528.80,537.35,824889
2026-05-06,541.00,551.95,538.55,550.10,1034450
2026-05-07,553.00,568.80,550.35,562.90,2640252
2026-05-08,565.95,572.00,557.85,567.25,1641427
2026-05-11,567.25,570.40,557.05,565.60,1225164
2026-05-12,559.25,563.70,539.75,541.50,629492
2026-05-13,541.50,548.95,540.45,542.50,478716
2026-05-14,542.65,550.75,539.00,541.70,719261
2026-05-15,543.95,547.50,534.00,535.60,481647
2026-05-18,507.95,520.80,488.60,515.40,6777357
2026-05-19,515.40,526.45,515.40,522.15,3447305
2026-05-20,520.00,520.00,506.10,509.25,2263722
2026-05-21,513.45,517.90,507.75,510.10,1474562
2026-05-22,512.25,520.95,511.05,520.05,2134922
2026-05-25,525.00,528.85,522.60,526.70,1019989
2026-05-26,529.30,529.30,518.70,522.70,710898
2026-05-27,525.00,529.00,517.00,522.90,877650
2026-05-29,525.00,525.75,498.25,503.95,6149632
2026-06-01,506.95,511.50,487.25,488.60,2321218
2026-06-02,486.00,486.65,474.50,482.45,3009979
2026-06-03,483.00,483.05,473.05,476.90,856884
2026-06-04,475.00,478.90,473.15,477.10,1063913
2026-06-05,479.05,490.40,477.25,483.25,1629387
2026-06-08,480.80,482.35,473.05,475.40,1474030
2026-06-09,481.65,482.75,473.40,474.75,804767
2026-06-10,476.00,478.45,464.55,465.80,657078
2026-06-11,465.40,466.35,459.50,460.40,1358506
2026-06-12,465.10,469.95,462.15,468.15,887258
2026-06-15,480.00,490.50,475.65,486.15,1669606
2026-06-16,486.95,492.50,482.75,490.35,1784016
2026-06-17,493.60,505.35,490.40,503.65,2428711
2026-06-18,506.80,523.90,502.95,522.10,2836263
2026-06-19,518.00,522.55,498.35,500.30,3733720
2026-06-22,503.00,510.60,502.00,506.30,3301597
2026-06-23,506.35,513.80,496.95,498.60,2076310
2026-06-24,498.00,500.10,493.95,496.35,631397
2026-06-25,499.50,502.10,490.00,491.05,915842
2026-06-29,491.05,497.40,487.10,489.50,1400552
2026-06-30,490.65,492.40,480.90,487.95,1715722
2026-07-01,491.00,494.90,487.00,492.95,825598
2026-07-02,496.90,497.25,493.00,495.95,402343
2026-07-03,496.95,500.45,483.70,485.25,2883216
2026-07-06,489.75,492.30,481.15,485.10,1017248
2026-07-07,486.75,493.70,483.60,487.85,1372091
2026-07-08,485.40,493.60,478.85,480.05,1770683
2026-07-09,481.00,492.40,481.00,490.70,572357
2026-07-10,492.00,515.50,491.95,510.35,2917046
2026-07-13,510.00,527.50,506.50,519.70,2214317
2026-07-14,520.25,520.25,500.05,503.95,1254279
2026-07-15,506.70,531.95,502.60,525.15,7283643
2026-07-16,530.35,531.00,501.40,508.85,4730699
2026-07-17,507.60,508.60,495.15,497.15,3119290
2026-07-20,497.15,502.35,494.35,498.40,1139231
2026-07-21,498.50,501.90,494.65,500.50,924014
2026-07-22,500.00,501.00,490.30,499.50,3380526
2026-07-23,495.00,503.90,492.60,501.50,1490428
2026-07-24,498.25,503.05,495.55,500.55,711372
2026-07-27,504.25,510.60,501.90,509.80,1911594
2026-07-28,509.80,511.45,506.60,510.10,735983
2026-07-29,510.10,513.40,507.55,511.65,475310
2026-07-30,511.65,513.70,506.70,510.60,1253572
2026-07-31,511.00,517.20,509.00,515.40,1002334
2026-08-03,515.40,522.35,513.80,522.35,2151448
2026-08-04,521.80,521.80,502.20,513.55,5351839
2026-08-05,515.00,516.80,505.35,516.55,1130125
2026-08-06,516.00,516.00,504.40,507.00,3072294
2026-08-07,509.60,509.60,501.05,501.05,974283
2026-08-10,501.05,504.35,491.05,499.75,987482
2026-08-11,498.55,502.20,491.05,501.50,1605136
2026-08-12,501.50,506.40,494.50,506.40,1278410
2026-08-13,505.00,508.20,501.35,507.00,968460
2026-08-14,506.00,512.00,501.00,509.15,778149
2026-08-17,509.15,511.40,503.60,507.00,1522773
2026-08-18,503.85,510.60,498.20,498.20,1584467
2026-08-19,499.00,502.20,493.85,499.50,664569
2026-08-20,501.00,506.35,499.85,502.00,637727
2026-08-21,502.00,520.60,501.05,515.00,1609364
2026-08-24,517.10,520.90,506.25,511.25,774351
2026-08-25,510.00,513.30,506.25,510.00,937538
2026-08-26,510.65,525.75,510.65,515.05,1266598
2026-08-27,518.35,518.95,509.00,510.00,515424
2026-08-28,510.25,510.40,502.45,506.00,1603027
2026-08-31,506.00,517.05,498.00,517.05,3462285
2026-09-01,507.00,507.00,495.00,495.45,2199838
2026-09-02,495.00,501.85,487.50,499.50,1099572
2026-09-03,504.50,504.50,492.50,495.05,501149
2026-09-04,495.05,503.15,492.10,494.55,962782
2026-09-07,491.00,492.00,470.65,470.65,1678977
2026-09-08,476.85,478.35,466.25,469.30,1191834
2026-09-09,467.70,468.00,456.90,462.50,942661
2026-09-10,462.05,475.15,455.30,471.00,2174563
2026-09-11,468.80,475.50,461.25,471.50,1354875
2026-09-15,471.60,472.20,457.60,457.60,941756
2026-09-16,458.00,474.00,456.95,470.00,767677
2026-09-17,470.00,496.90,468.75,490.50,2550650
2026-09-18,494.00,501.45,491.10,492.00,2240637
